Date,Visitor,Visitor Score,Home Team,Home Score,Line,Total Line 
09/04/1994,Arizona Cardinals,12,Los Angeles Rams,14,-6.5,36
09/04/1994,Atlanta Falcons,28,Detroit Lions,31,5,45
09/04/1994,Cleveland Browns,28,Cincinnati Bengals,20,-4,36
09/04/1994,Dallas Cowboys,26,Pittsburgh Steelers,9,-5.5,39.5
09/04/1994,Houston Oilers,21,Indianapolis Colts,45,-3,37.5
09/04/1994,New York Jets,23,Buffalo Bills,3,7,41
09/04/1994,Kansas City Chiefs,30,New Orleans Saints,17,-3,39
09/04/1994,Minnesota Vikings,10,Green Bay Packers,16,3.5,38
09/04/1994,New England Patriots,35,Miami Dolphins,39,5,39
09/04/1994,Philadelphia Eagles,23,New York Giants,28,3,37
09/04/1994,San Diego Chargers,37,Denver Broncos,34,7,45
09/04/1994,Seattle Seahawks,28,Washington Redskins,7,1.5,36
09/04/1994,Tampa Bay Buccaneers,9,Chicago Bears,21,6,35.5
09/05/1994,Los Angeles Raiders,14,San Francisco 49ers,44,7,45.5
09/11/1994,Buffalo Bills,38,New England Patriots,35,2.5,41
09/11/1994,Cincinnati Bengals,10,San Diego Chargers,27,9,42
09/11/1994,Denver Broncos,22,New York Jets,25,3,46
09/11/1994,Detroit Lions,3,Minnesota Vikings,10,4.5,42.5
09/11/1994,Houston Oilers,17,Dallas Cowboys,20,14.5,43.5
09/11/1994,Indianapolis Colts,10,Tampa Bay Buccaneers,24,2,37.5
09/11/1994,Miami Dolphins,24,Green Bay Packers,14,3,43
09/11/1994,New York Giants,20,Arizona Cardinals,17,3.5,35.5
09/11/1994,Pittsburgh Steelers,17,Cleveland Browns,10,2.5,38
09/11/1994,Los Angeles Rams,13,Atlanta Falcons,31,8.5,43.5
09/11/1994,Seattle Seahawks,38,Los Angeles Raiders,9,6.5,42.5
09/11/1994,San Francisco 49ers,17,Kansas City Chiefs,24,-3,46.5
09/11/1994,Washington Redskins,38,New Orleans Saints,24,8,38
09/12/1994,Chicago Bears,22,Philadelphia Eagles,30,3.5,37.5
09/18/1994,Arizona Cardinals,0,Cleveland Browns,32,3,35.5
09/18/1994,Buffalo Bills,15,Houston Oilers,7,2.5,44
09/18/1994,Green Bay Packers,7,Philadelphia Eagles,13,3.5,42
09/18/1994,Indianapolis Colts,21,Pittsburgh Steelers,31,8,38
09/18/1994,New York Jets,14,Miami Dolphins,28,3.5,45
09/18/1994,Kansas City Chiefs,30,Atlanta Falcons,10,-2.5,46.5
09/18/1994,Minnesota Vikings,42,Chicago Bears,14,0,36
09/18/1994,New England Patriots,31,Cincinnati Bengals,28,-5.5,43
09/18/1994,New Orleans Saints,9,Tampa Bay Buccaneers,7,3.5,38.5
09/18/1994,Los Angeles Raiders,48,Denver Broncos,16,4.5,50.5
09/18/1994,San Diego Chargers,24,Seattle Seahawks,10,3.5,40.5
09/18/1994,San Francisco 49ers,34,Los Angeles Rams,19,-13.5,45
09/18/1994,Washington Redskins,23,New York Giants,31,7,39.5
09/19/1994,Detroit Lions,20,Dallas Cowboys,17,13,44.5
09/25/1994,Atlanta Falcons,27,Washington Redskins,20,-1,48
09/25/1994,Chicago Bears,19,New York Jets,7,7.5,38.5
09/25/1994,Cincinnati Bengals,13,Houston Oilers,20,8.5,41
09/25/1994,Cleveland Browns,21,Indianapolis Colts,14,-1.5,39.5
09/25/1994,Miami Dolphins,35,Minnesota Vikings,38,3.5,44
09/25/1994,New England Patriots,23,Detroit Lions,17,3,48
09/25/1994,New Orleans Saints,13,San Francisco 49ers,24,15,45
09/25/1994,Pittsburgh Steelers,13,Seattle Seahawks,30,-1,38.5
09/25/1994,Los Angeles Rams,16,Kansas City Chiefs,0,14.5,44.5
09/25/1994,San Diego Chargers,26,Los Angeles Raiders,24,3.5,47
09/25/1994,Tampa Bay Buccaneers,3,Green Bay Packers,30,7,37
09/26/1994,Denver Broncos,20,Buffalo Bills,27,6.5,49
10/02/1994,Atlanta Falcons,8,Los Angeles Rams,5,-1.5,44
10/02/1994,Buffalo Bills,13,Chicago Bears,20,-2,38.5
10/02/1994,Dallas Cowboys,34,Washington Redskins,7,-11.5,45
10/02/1994,Detroit Lions,14,Tampa Bay Buccaneers,24,-3,38.5
10/02/1994,Green Bay Packers,16,New England Patriots,17,3,44.5
10/02/1994,New York Jets,7,Cleveland Browns,27,3.5,36
10/02/1994,Miami Dolphins,23,Cincinnati Bengals,7,-8,44.5
10/02/1994,Minnesota Vikings,7,Arizona Cardinals,17,-2.5,36
10/02/1994,New York Giants,22,New Orleans Saints,27,-2,40
10/02/1994,Philadelphia Eagles,40,San Francisco 49ers,8,9,45
10/02/1994,Seattle Seahawks,15,Indianapolis Colts,17,-2.5,38
10/03/1994,Houston Oilers,14,Pittsburgh Steelers,30,8,39
10/09/1994,Arizona Cardinals,3,Dallas Cowboys,38,12.5,37.5
10/09/1994,Denver Broncos,16,Seattle Seahawks,9,3.5,44.5
10/09/1994,Indianapolis Colts,6,New York Jets,16,5.5,36.5
10/09/1994,Kansas City Chiefs,6,San Diego Chargers,20,1.5,43
10/09/1994,Miami Dolphins,11,Buffalo Bills,21,2.5,44
10/09/1994,New Orleans Saints,7,Chicago Bears,17,3.5,37
10/09/1994,Los Angeles Raiders,21,New England Patriots,17,3,48
10/09/1994,Los Angeles Rams,17,Green Bay Packers,24,8.5,35
10/09/1994,San Francisco 49ers,27,Detroit Lions,21,-4.5,44
10/09/1994,Tampa Bay Buccaneers,13,Atlanta Falcons,34,7,41
10/09/1994,Washington Redskins,17,Philadelphia Eagles,21,13,42
10/10/1994,Minnesota Vikings,27,New York Giants,10,2.5,40
10/13/1994,Cleveland Browns,11,Houston Oilers,8,-2,37
10/16/1994,Arizona Cardinals,19,Washington Redskins,16,-1,35
10/16/1994,Cincinnati Bengals,10,Pittsburgh Steelers,14,13.5,39
10/16/1994,Indianapolis Colts,27,Buffalo Bills,17,9.5,38
10/16/1994,New England Patriots,17,New York Jets,24,2,41
10/16/1994,New York Giants,10,Los Angeles Rams,17,-1.5,36.5
10/16/1994,Philadelphia Eagles,13,Dallas Cowboys,24,8.5,42
10/16/1994,Los Angeles Raiders,17,Miami Dolphins,20,3.5,46
10/16/1994,San Diego Chargers,36,New Orleans Saints,22,-3,39
10/16/1994,San Francisco 49ers,42,Atlanta Falcons,3,-5,46.5
10/17/1994,Kansas City Chiefs,31,Denver Broncos,28,1.5,43
10/20/1994,Green Bay Packers,10,Minnesota Vikings,13,5,37
10/23/1994,Atlanta Falcons,17,Los Angeles Raiders,30,4.5,44.5
10/23/1994,Chicago Bears,16,Detroit Lions,21,4,37
10/23/1994,Cincinnati Bengals,13,Cleveland Browns,37,10.5,34.5
10/23/1994,Dallas Cowboys,28,Arizona Cardinals,21,-8.5,36
10/23/1994,Denver Broncos,20,San Diego Chargers,15,6.5,44.5
10/23/1994,Pittsburgh Steelers,10,New York Giants,6,1,36.5
10/23/1994,Los Angeles Rams,34,New Orleans Saints,37,3.5,36.5
10/23/1994,Seattle Seahawks,23,Kansas City Chiefs,38,6,37
10/23/1994,Tampa Bay Buccaneers,16,San Francisco 49ers,41,15.5,43
10/23/1994,Washington Redskins,41,Indianapolis Colts,27,7,37
10/24/1994,Houston Oilers,6,Philadelphia Eagles,21,11,37.5
10/30/1994,Cleveland Browns,14,Denver Broncos,26,3,40
10/30/1994,Dallas Cowboys,23,Cincinnati Bengals,20,-15,38
10/30/1994,Detroit Lions,28,New York Giants,25,1,34.5
10/30/1994,Houston Oilers,14,Los Angeles Raiders,17,9.5,39
10/30/1994,New York Jets,25,Indianapolis Colts,28,-1,36
10/30/1994,Kansas City Chiefs,10,Buffalo Bills,44,2.5,40
10/30/1994,Miami Dolphins,23,New England Patriots,3,1,43.5
10/30/1994,Minnesota Vikings,36,Tampa Bay Buccaneers,13,-6.5,36.5
10/30/1994,Philadelphia Eagles,31,Washington Redskins,29,-6,40
10/30/1994,Pittsburgh Steelers,17,Arizona Cardinals,20,2,35
10/30/1994,Seattle Seahawks,15,San Diego Chargers,35,6.5,37
10/31/1994,Green Bay Packers,33,Chicago Bears,6,1.5,34
11/06/1994,Arizona Cardinals,7,Philadelphia Eagles,17,6.5,35.5
11/06/1994,Buffalo Bills,17,New York Jets,22,-2.5,37.5
11/06/1994,Chicago Bears,20,Tampa Bay Buccaneers,6,-3,35
11/06/1994,Cincinnati Bengals,20,Seattle Seahawks,17,7.5,36
11/06/1994,Denver Broncos,21,Los Angeles Rams,27,-3,39
11/06/1994,Detroit Lions,30,Green Bay Packers,38,5.5,35.5
11/06/1994,Indianapolis Colts,21,Miami Dolphins,22,9.5,40
11/06/1994,New England Patriots,6,Cleveland Browns,13,3,37
11/06/1994,New Orleans Saints,20,Minnesota Vikings,21,9.5,38.5
11/06/1994,Pittsburgh Steelers,12,Houston Oilers,9,-3,34.5
11/06/1994,Los Angeles Raiders,3,Kansas City Chiefs,13,3.5,41.5
11/06/1994,San Diego Chargers,9,Atlanta Falcons,10,2.5,40.5
11/06/1994,San Francisco 49ers,37,Washington Redskins,22,-10,44.5
11/07/1994,New York Giants,10,Dallas Cowboys,38,13.5,38
11/13/1994,Arizona Cardinals,10,New York Giants,9,1,34.5
11/13/1994,Atlanta Falcons,32,New Orleans Saints,33,2.5,43.5
11/13/1994,Chicago Bears,17,Miami Dolphins,14,7,38
11/13/1994,Cleveland Browns,26,Philadelphia Eagles,7,6.5,35
11/13/1994,Dallas Cowboys,14,San Francisco 49ers,21,3,44
11/13/1994,Houston Oilers,31,Cincinnati Bengals,34,1,34
11/13/1994,New York Jets,10,Green Bay Packers,17,7,36
11/13/1994,Minnesota Vikings,20,New England Patriots,26,-2.5,37
11/13/1994,Los Angeles Raiders,20,Los Angeles Rams,17,-3,37.5
11/13/1994,San Diego Chargers,13,Kansas City Chiefs,14,3,37.5
11/13/1994,Seattle Seahawks,10,Denver Broncos,17,7,41
11/13/1994,Tampa Bay Buccaneers,9,Detroit Lions,14,10,37
11/14/1994,Buffalo Bills,10,Pittsburgh Steelers,23,1.5,37
11/20/1994,Atlanta Falcons,28,Denver Broncos,32,6,44
11/20/1994,Cleveland Browns,13,Kansas City Chiefs,20,4,34.5
11/20/1994,Detroit Lions,10,Chicago Bears,20,3,34.5
11/20/1994,Green Bay Packers,20,Buffalo Bills,29,3,36
11/20/1994,Indianapolis Colts,17,Cincinnati Bengals,13,-1,39.5
11/20/1994,New York Jets,31,Minnesota Vikings,21,7,37.5
11/20/1994,Miami Dolphins,13,Pittsburgh Steelers,16,2.5,36.5
11/20/1994,New Orleans Saints,19,Los Angeles Raiders,24,6.5,39
11/20/1994,Philadelphia Eagles,6,Arizona Cardinals,12,-3.5,33
11/20/1994,Los Angeles Rams,27,San Francisco 49ers,31,14,43
11/20/1994,San Diego Chargers,17,New England Patriots,23,-2.5,37.5
11/20/1994,Tampa Bay Buccaneers,21,Seattle Seahawks,22,7,36
11/20/1994,Washington Redskins,7,Dallas Cowboys,31,15.5,43.5
11/21/1994,New York Giants,13,Houston Oilers,10,3,35
11/24/1994,Buffalo Bills,21,Detroit Lions,35,-1.5,39
11/24/1994,Green Bay Packers,31,Dallas Cowboys,42,6,35
11/27/1994,Chicago Bears,19,Arizona Cardinals,16,3,31
11/27/1994,Cincinnati Bengals,13,Denver Broncos,15,8.5,43.5
11/27/1994,Houston Oilers,10,Cleveland Browns,34,8,33
11/27/1994,Kansas City Chiefs,9,Seattle Seahawks,10,-3.5,36.5
11/27/1994,Miami Dolphins,28,New York Jets,24,1.5,37.5
11/27/1994,New England Patriots,12,Indianapolis Colts,10,1,40
11/27/1994,New York Giants,21,Washington Redskins,19,3,36.5
11/27/1994,Philadelphia Eagles,21,Atlanta Falcons,28,-1.5,42
11/27/1994,Pittsburgh Steelers,21,Los Angeles Raiders,3,3.5,36
11/27/1994,Los Angeles Rams,17,San Diego Chargers,31,7,37.5
11/27/1994,Tampa Bay Buccaneers,20,Minnesota Vikings,17,13.5,40
11/28/1994,San Francisco 49ers,35,New Orleans Saints,14,-8.5,46.5
12/01/1994,Chicago Bears,27,Minnesota Vikings,33,5.5,36
12/04/1994,Arizona Cardinals,30,Houston Oilers,12,-3,32
12/04/1994,Atlanta Falcons,14,San Francisco 49ers,50,13,48
12/04/1994,Buffalo Bills,42,Miami Dolphins,31,4,42
12/04/1994,Dallas Cowboys,31,Philadelphia Eagles,19,-2.5,37
12/04/1994,Denver Broncos,20,Kansas City Chiefs,17,3.5,38
12/04/1994,Green Bay Packers,31,Detroit Lions,34,1.5,38.5
12/04/1994,Indianapolis Colts,31,Seattle Seahawks,19,3,36.5
12/04/1994,New York Jets,13,New England Patriots,24,2.5,37
12/04/1994,New Orleans Saints,31,Los Angeles Rams,15,3,41.5
12/04/1994,New York Giants,16,Cleveland Browns,13,7,33
12/04/1994,Pittsburgh Steelers,38,Cincinnati Bengals,15,-6,35
12/04/1994,Washington Redskins,21,Tampa Bay Buccaneers,26,2.5,38
12/05/1994,Los Angeles Raiders,24,San Diego Chargers,17,4,37.5
12/10/1994,Cleveland Browns,19,Dallas Cowboys,14,10.5,38
12/10/1994,Detroit Lions,18,New York Jets,7,3,37.5
12/11/1994,Chicago Bears,3,Green Bay Packers,40,4,35
12/11/1994,Cincinnati Bengals,20,New York Giants,27,5.5,35
12/11/1994,Denver Broncos,13,Los Angeles Raiders,23,5,41.5
12/11/1994,Indianapolis Colts,13,New England Patriots,28,6,37
12/11/1994,Minnesota Vikings,21,Buffalo Bills,17,3.5,40
12/11/1994,New Orleans Saints,29,Atlanta Falcons,20,4,46
12/11/1994,Philadelphia Eagles,3,Pittsburgh Steelers,14,6,35
12/11/1994,Los Angeles Rams,14,Tampa Bay Buccaneers,24,2.5,40
12/11/1994,Seattle Seahawks,16,Houston Oilers,14,3,33
12/11/1994,San Francisco 49ers,38,San Diego Chargers,15,-9,45.5
12/11/1994,Washington Redskins,15,Arizona Cardinals,17,7.5,34.5
12/12/1994,Kansas City Chiefs,28,Miami Dolphins,45,4.5,39.5
12/17/1994,Denver Broncos,19,San Francisco 49ers,42,15,47.5
12/17/1994,Minnesota Vikings,19,Detroit Lions,41,1.5,42
12/18/1994,Atlanta Falcons,17,Green Bay Packers,21,7.5,39.5
12/18/1994,Cincinnati Bengals,7,Arizona Cardinals,28,7,34.5
12/18/1994,Cleveland Browns,7,Pittsburgh Steelers,17,3.5,32.5
12/18/1994,Houston Oilers,9,Kansas City Chiefs,31,9.5,34
12/18/1994,Miami Dolphins,6,Indianapolis Colts,10,-3.5,42
12/18/1994,New England Patriots,41,Buffalo Bills,17,1,37
12/18/1994,New York Giants,16,Philadelphia Eagles,13,4.5,35
12/18/1994,Los Angeles Raiders,17,Seattle Seahawks,16,-6,36
12/18/1994,Los Angeles Rams,13,Chicago Bears,27,7,33.5
12/18/1994,San Diego Chargers,21,New York Jets,6,-2,37
12/18/1994,Tampa Bay Buccaneers,17,Washington Redskins,14,2,39
12/19/1994,Dallas Cowboys,24,New Orleans Saints,16,-10,45.5
12/24/1994,Arizona Cardinals,6,Atlanta Falcons,10,-3,38
12/24/1994,Buffalo Bills,9,Indianapolis Colts,10,3,41
12/24/1994,Dallas Cowboys,10,New York Giants,15,-3,36
12/24/1994,Green Bay Packers,34,Tampa Bay Buccaneers,19,-4.5,41
12/24/1994,New York Jets,10,Houston Oilers,24,-1.5,34
12/24/1994,Kansas City Chiefs,19,Los Angeles Raiders,9,3.5,37.5
12/24/1994,New England Patriots,13,Chicago Bears,3,-1,36.5
12/24/1994,New Orleans Saints,30,Denver Broncos,28,4.5,45
12/24/1994,Philadelphia Eagles,30,Cincinnati Bengals,33,0,35.5
12/24/1994,Pittsburgh Steelers,34,San Diego Chargers,37,3.5,35
12/24/1994,Seattle Seahawks,9,Cleveland Browns,34,10.5,34
12/24/1994,Washington Redskins,24,Los Angeles Rams,21,3.5,40.5
12/25/1994,Detroit Lions,20,Miami Dolphins,27,3.5,45.5
12/26/1994,San Francisco 49ers,14,Minnesota Vikings,21,-6.5,48
