<?xml version="1.0" encoding="UTF-8"?> 
<scores>
<league>NFL</league><year>1993</year><season>Regular Season</season>
<date day="1993-09-05">
<game>
<team tnum="1"><name>Atlanta Falcons</name><score>13</score><site>V</site><line>5</line></team>
<team tnum="2"><name>Detroit Lions</name><score>30</score><site>H</site><line>-5</line></team>
</game>
<game>
<team tnum="1"><name>Cincinnati Bengals</name><score>14</score><site>V</site><line>7.5</line></team>
<team tnum="2"><name>Cleveland Browns</name><score>27</score><site>H</site><line>-7.5</line></team>
</game>
<game>
<team tnum="1"><name>Denver Broncos</name><score>26</score><site>V</site><line>0</line></team>
<team tnum="2"><name>New York Jets</name><score>20</score><site>H</site><line>0</line></team>
</game>
<game>
<team tnum="1"><name>Houston Oilers</name><score>21</score><site>V</site><line>3</line></team>
<team tnum="2"><name>New Orleans Saints</name><score>33</score><site>H</site><line>-3</line></team>
</game>
<game>
<team tnum="1"><name>Kansas City Chiefs</name><score>27</score><site>V</site><line>-7</line></team>
<team tnum="2"><name>Tampa Bay Buccaneers</name><score>3</score><site>H</site><line>7</line></team>
</game>
<game>
<team tnum="1"><name>Miami Dolphins</name><score>24</score><site>V</site><line>-6</line></team>
<team tnum="2"><name>Indianapolis Colts</name><score>20</score><site>H</site><line>6</line></team>
</game>
<game>
<team tnum="1"><name>Minnesota Vikings</name><score>7</score><site>V</site><line>-3</line></team>
<team tnum="2"><name>Los Angeles Raiders</name><score>24</score><site>H</site><line>3</line></team>
</game>
<game>
<team tnum="1"><name>New England Patriots</name><score>14</score><site>V</site><line>14</line></team>
<team tnum="2"><name>Buffalo Bills</name><score>38</score><site>H</site><line>-14</line></team>
</game>
<game>
<team tnum="1"><name>New York Giants</name><score>26</score><site>V</site><line>1</line></team>
<team tnum="2"><name>Chicago Bears</name><score>20</score><site>H</site><line>-1</line></team>
</game>
<game>
<team tnum="1"><name>Phoenix Cardinals</name><score>17</score><site>V</site><line>6.5</line></team>
<team tnum="2"><name>Philadelphia Eagles</name><score>23</score><site>H</site><line>-6.5</line></team>
</game>
<game>
<team tnum="1"><name>Los Angeles Rams</name><score>6</score><site>V</site><line>6.5</line></team>
<team tnum="2"><name>Green Bay Packers</name><score>36</score><site>H</site><line>-6.5</line></team>
</game>
<game>
<team tnum="1"><name>Seattle Seahawks</name><score>12</score><site>V</site><line>11</line></team>
<team tnum="2"><name>San Diego Chargers</name><score>18</score><site>H</site><line>-11</line></team>
</game>
<game>
<team tnum="1"><name>San Francisco 49ers</name><score>24</score><site>V</site><line>-6</line></team>
<team tnum="2"><name>Pittsburgh Steelers</name><score>13</score><site>H</site><line>6</line></team>
</game>
</date>
<date day="1993-09-06">
<game>
<team tnum="1"><name>Dallas Cowboys</name><score>16</score><site>V</site><line>2.5</line></team>
<team tnum="2"><name>Washington Redskins</name><score>35</score><site>H</site><line>-2.5</line></team>
</game>
</date>
<date day="1993-09-12">
<game>
<team tnum="1"><name>Buffalo Bills</name><score>13</score><site>V</site><line>5</line></team>
<team tnum="2"><name>Dallas Cowboys</name><score>10</score><site>H</site><line>-5</line></team>
</game>
<game>
<team tnum="1"><name>Chicago Bears</name><score>7</score><site>V</site><line>7</line></team>
<team tnum="2"><name>Minnesota Vikings</name><score>10</score><site>H</site><line>-7</line></team>
</game>
<game>
<team tnum="1"><name>Detroit Lions</name><score>19</score><site>V</site><line>-7</line></team>
<team tnum="2"><name>New England Patriots</name><score>16</score><site>H</site><line>7</line></team>
</game>
<game>
<team tnum="1"><name>Indianapolis Colts</name><score>9</score><site>V</site><line>-2</line></team>
<team tnum="2"><name>Cincinnati Bengals</name><score>6</score><site>H</site><line>2</line></team>
</game>
<game>
<team tnum="1"><name>New York Jets</name><score>24</score><site>V</site><line>9</line></team>
<team tnum="2"><name>Miami Dolphins</name><score>14</score><site>H</site><line>-9</line></team>
</game>
<game>
<team tnum="1"><name>Kansas City Chiefs</name><score>0</score><site>V</site><line>3</line></team>
<team tnum="2"><name>Houston Oilers</name><score>30</score><site>H</site><line>-3</line></team>
</game>
<game>
<team tnum="1"><name>New Orleans Saints</name><score>34</score><site>V</site><line>-3.5</line></team>
<team tnum="2"><name>Atlanta Falcons</name><score>31</score><site>H</site><line>3.5</line></team>
</game>
<game>
<team tnum="1"><name>Philadelphia Eagles</name><score>20</score><site>V</site><line>3.5</line></team>
<team tnum="2"><name>Green Bay Packers</name><score>17</score><site>H</site><line>-3.5</line></team>
</game>
<game>
<team tnum="1"><name>Phoenix Cardinals</name><score>17</score><site>V</site><line>10</line></team>
<team tnum="2"><name>Washington Redskins</name><score>10</score><site>H</site><line>-10</line></team>
</game>
<game>
<team tnum="1"><name>Pittsburgh Steelers</name><score>0</score><site>V</site><line>-3</line></team>
<team tnum="2"><name>Los Angeles Rams</name><score>27</score><site>H</site><line>3</line></team>
</game>
<game>
<team tnum="1"><name>Los Angeles Raiders</name><score>17</score><site>V</site><line>-3</line></team>
<team tnum="2"><name>Seattle Seahawks</name><score>13</score><site>H</site><line>3</line></team>
</game>
<game>
<team tnum="1"><name>San Diego Chargers</name><score>17</score><site>V</site><line>3</line></team>
<team tnum="2"><name>Denver Broncos</name><score>34</score><site>H</site><line>-3</line></team>
</game>
<game>
<team tnum="1"><name>Tampa Bay Buccaneers</name><score>7</score><site>V</site><line>10</line></team>
<team tnum="2"><name>New York Giants</name><score>23</score><site>H</site><line>-10</line></team>
</game>
</date>
<date day="1993-09-13">
<game>
<team tnum="1"><name>San Francisco 49ers</name><score>13</score><site>V</site><line>-6.5</line></team>
<team tnum="2"><name>Cleveland Browns</name><score>23</score><site>H</site><line>6.5</line></team>
</game>
</date>
<date day="1993-09-19">
<game>
<team tnum="1"><name>Atlanta Falcons</name><score>30</score><site>V</site><line>13.5</line></team>
<team tnum="2"><name>San Francisco 49ers</name><score>37</score><site>H</site><line>-13.5</line></team>
</game>
<game>
<team tnum="1"><name>Cincinnati Bengals</name><score>7</score><site>V</site><line>8.5</line></team>
<team tnum="2"><name>Pittsburgh Steelers</name><score>34</score><site>H</site><line>-8.5</line></team>
</game>
<game>
<team tnum="1"><name>Cleveland Browns</name><score>19</score><site>V</site><line>3</line></team>
<team tnum="2"><name>Los Angeles Raiders</name><score>16</score><site>H</site><line>-3</line></team>
</game>
<game>
<team tnum="1"><name>Dallas Cowboys</name><score>17</score><site>V</site><line>-6.5</line></team>
<team tnum="2"><name>Phoenix Cardinals</name><score>10</score><site>H</site><line>6.5</line></team>
</game>
<game>
<team tnum="1"><name>Detroit Lions</name><score>3</score><site>V</site><line>5</line></team>
<team tnum="2"><name>New Orleans Saints</name><score>14</score><site>H</site><line>-5</line></team>
</game>
<game>
<team tnum="1"><name>Houston Oilers</name><score>17</score><site>V</site><line>2.5</line></team>
<team tnum="2"><name>San Diego Chargers</name><score>18</score><site>H</site><line>-2.5</line></team>
</game>
<game>
<team tnum="1"><name>Los Angeles Rams</name><score>10</score><site>V</site><line>7</line></team>
<team tnum="2"><name>New York Giants</name><score>20</score><site>H</site><line>-7</line></team>
</game>
<game>
<team tnum="1"><name>Seattle Seahawks</name><score>17</score><site>V</site><line>2.5</line></team>
<team tnum="2"><name>New England Patriots</name><score>14</score><site>H</site><line>-2.5</line></team>
</game>
<game>
<team tnum="1"><name>Washington Redskins</name><score>31</score><site>V</site><line>5.5</line></team>
<team tnum="2"><name>Philadelphia Eagles</name><score>34</score><site>H</site><line>-5.5</line></team>
</game>
</date>
<date day="1993-09-20">
<game>
<team tnum="1"><name>Denver Broncos</name><score>7</score><site>V</site><line>6</line></team>
<team tnum="2"><name>Kansas City Chiefs</name><score>15</score><site>H</site><line>-6</line></team>
</game>
</date>
<date day="1993-09-26">
<game>
<team tnum="1"><name>Cleveland Browns</name><score>10</score><site>V</site><line>-2.5</line></team>
<team tnum="2"><name>Indianapolis Colts</name><score>23</score><site>H</site><line>2.5</line></team>
</game>
<game>
<team tnum="1"><name>Green Bay Packers</name><score>13</score><site>V</site><line>3</line></team>
<team tnum="2"><name>Minnesota Vikings</name><score>15</score><site>H</site><line>-3</line></team>
</game>
<game>
<team tnum="1"><name>Miami Dolphins</name><score>22</score><site>V</site><line>6</line></team>
<team tnum="2"><name>Buffalo Bills</name><score>13</score><site>H</site><line>-6</line></team>
</game>
<game>
<team tnum="1"><name>New England Patriots</name><score>7</score><site>V</site><line>9.5</line></team>
<team tnum="2"><name>New York Jets</name><score>45</score><site>H</site><line>-9.5</line></team>
</game>
<game>
<team tnum="1"><name>Phoenix Cardinals</name><score>20</score><site>V</site><line>5</line></team>
<team tnum="2"><name>Detroit Lions</name><score>26</score><site>H</site><line>-5</line></team>
</game>
<game>
<team tnum="1"><name>Los Angeles Rams</name><score>28</score><site>V</site><line>10.5</line></team>
<team tnum="2"><name>Houston Oilers</name><score>13</score><site>H</site><line>-10.5</line></team>
</game>
<game>
<team tnum="1"><name>Seattle Seahawks</name><score>19</score><site>V</site><line>-3</line></team>
<team tnum="2"><name>Cincinnati Bengals</name><score>10</score><site>H</site><line>3</line></team>
</game>
<game>
<team tnum="1"><name>San Francisco 49ers</name><score>13</score><site>V</site><line>-1</line></team>
<team tnum="2"><name>New Orleans Saints</name><score>16</score><site>H</site><line>1</line></team>
</game>
<game>
<team tnum="1"><name>Tampa Bay Buccaneers</name><score>17</score><site>V</site><line>7</line></team>
<team tnum="2"><name>Chicago Bears</name><score>47</score><site>H</site><line>-7</line></team>
</game>
</date>
<date day="1993-09-27">
<game>
<team tnum="1"><name>Pittsburgh Steelers</name><score>45</score><site>V</site><line>3</line></team>
<team tnum="2"><name>Atlanta Falcons</name><score>17</score><site>H</site><line>-3</line></team>
</game>
</date>
<date day="1993-10-03">
<game>
<team tnum="1"><name>Atlanta Falcons</name><score>0</score><site>V</site><line>6</line></team>
<team tnum="2"><name>Chicago Bears</name><score>6</score><site>H</site><line>-6</line></team>
</game>
<game>
<team tnum="1"><name>Detroit Lions</name><score>10</score><site>V</site><line>-7</line></team>
<team tnum="2"><name>Tampa Bay Buccaneers</name><score>27</score><site>H</site><line>7</line></team>
</game>
<game>
<team tnum="1"><name>Green Bay Packers</name><score>14</score><site>V</site><line>11</line></team>
<team tnum="2"><name>Dallas Cowboys</name><score>36</score><site>H</site><line>-11</line></team>
</game>
<game>
<team tnum="1"><name>Indianapolis Colts</name><score>13</score><site>V</site><line>8.5</line></team>
<team tnum="2"><name>Denver Broncos</name><score>35</score><site>H</site><line>-8.5</line></team>
</game>
<game>
<team tnum="1"><name>Minnesota Vikings</name><score>19</score><site>V</site><line>9.5</line></team>
<team tnum="2"><name>San Francisco 49ers</name><score>38</score><site>H</site><line>-9.5</line></team>
</game>
<game>
<team tnum="1"><name>New Orleans Saints</name><score>37</score><site>V</site><line>-4</line></team>
<team tnum="2"><name>Los Angeles Rams</name><score>6</score><site>H</site><line>4</line></team>
</game>
<game>
<team tnum="1"><name>New York Giants</name><score>14</score><site>V</site><line>6</line></team>
<team tnum="2"><name>Buffalo Bills</name><score>17</score><site>H</site><line>-6</line></team>
</game>
<game>
<team tnum="1"><name>Philadelphia Eagles</name><score>35</score><site>V</site><line>1</line></team>
<team tnum="2"><name>New York Jets</name><score>30</score><site>H</site><line>-1</line></team>
</game>
<game>
<team tnum="1"><name>Los Angeles Raiders</name><score>9</score><site>V</site><line>9</line></team>
<team tnum="2"><name>Kansas City Chiefs</name><score>24</score><site>H</site><line>-9</line></team>
</game>
<game>
<team tnum="1"><name>San Diego Chargers</name><score>14</score><site>V</site><line>-3.5</line></team>
<team tnum="2"><name>Seattle Seahawks</name><score>31</score><site>H</site><line>3.5</line></team>
</game>
</date>
<date day="1993-10-04">
<game>
<team tnum="1"><name>Washington Redskins</name><score>10</score><site>V</site><line>4</line></team>
<team tnum="2"><name>Miami Dolphins</name><score>17</score><site>H</site><line>-4</line></team>
</game>
</date>
<date day="1993-10-10">
<game>
<team tnum="1"><name>Chicago Bears</name><score>17</score><site>V</site><line>7</line></team>
<team tnum="2"><name>Philadelphia Eagles</name><score>6</score><site>H</site><line>-7</line></team>
</game>
<game>
<team tnum="1"><name>Cincinnati Bengals</name><score>15</score><site>V</site><line>14</line></team>
<team tnum="2"><name>Kansas City Chiefs</name><score>17</score><site>H</site><line>-14</line></team>
</game>
<game>
<team tnum="1"><name>Dallas Cowboys</name><score>27</score><site>V</site><line>-11</line></team>
<team tnum="2"><name>Indianapolis Colts</name><score>3</score><site>H</site><line>11</line></team>
</game>
<game>
<team tnum="1"><name>Denver Broncos</name><score>27</score><site>V</site><line>2.5</line></team>
<team tnum="2"><name>Green Bay Packers</name><score>30</score><site>H</site><line>-2.5</line></team>
</game>
<game>
<team tnum="1"><name>New York Jets</name><score>20</score><site>V</site><line>2.5</line></team>
<team tnum="2"><name>Los Angeles Raiders</name><score>24</score><site>H</site><line>-2.5</line></team>
</game>
<game>
<team tnum="1"><name>Miami Dolphins</name><score>24</score><site>V</site><line>-2</line></team>
<team tnum="2"><name>Cleveland Browns</name><score>14</score><site>H</site><line>2</line></team>
</game>
<game>
<team tnum="1"><name>New England Patriots</name><score>23</score><site>V</site><line>10</line></team>
<team tnum="2"><name>Phoenix Cardinals</name><score>21</score><site>H</site><line>-10</line></team>
</game>
<game>
<team tnum="1"><name>New York Giants</name><score>41</score><site>V</site><line>3.5</line></team>
<team tnum="2"><name>Washington Redskins</name><score>7</score><site>H</site><line>-3.5</line></team>
</game>
<game>
<team tnum="1"><name>San Diego Chargers</name><score>3</score><site>V</site><line>5</line></team>
<team tnum="2"><name>Pittsburgh Steelers</name><score>16</score><site>H</site><line>-5</line></team>
</game>
<game>
<team tnum="1"><name>Tampa Bay Buccaneers</name><score>0</score><site>V</site><line>9.5</line></team>
<team tnum="2"><name>Minnesota Vikings</name><score>15</score><site>H</site><line>-9.5</line></team>
</game>
</date>
<date day="1993-10-11">
<game>
<team tnum="1"><name>Houston Oilers</name><score>7</score><site>V</site><line>3.5</line></team>
<team tnum="2"><name>Buffalo Bills</name><score>35</score><site>H</site><line>-3.5</line></team>
</game>
</date>
<date day="1993-10-14">
<game>
<team tnum="1"><name>Los Angeles Rams</name><score>24</score><site>V</site><line>1</line></team>
<team tnum="2"><name>Atlanta Falcons</name><score>30</score><site>H</site><line>-1</line></team>
</game>
</date>
<date day="1993-10-17">
<game>
<team tnum="1"><name>Cleveland Browns</name><score>28</score><site>V</site><line>-5.5</line></team>
<team tnum="2"><name>Cincinnati Bengals</name><score>17</score><site>H</site><line>5.5</line></team>
</game>
<game>
<team tnum="1"><name>Houston Oilers</name><score>28</score><site>V</site><line>-6.5</line></team>
<team tnum="2"><name>New England Patriots</name><score>14</score><site>H</site><line>6.5</line></team>
</game>
<game>
<team tnum="1"><name>Kansas City Chiefs</name><score>17</score><site>V</site><line>-4</line></team>
<team tnum="2"><name>San Diego Chargers</name><score>14</score><site>H</site><line>4</line></team>
</game>
<game>
<team tnum="1"><name>New Orleans Saints</name><score>14</score><site>V</site><line>-3</line></team>
<team tnum="2"><name>Pittsburgh Steelers</name><score>37</score><site>H</site><line>3</line></team>
</game>
<game>
<team tnum="1"><name>Philadelphia Eagles</name><score>10</score><site>V</site><line>7.5</line></team>
<team tnum="2"><name>New York Giants</name><score>21</score><site>H</site><line>-7.5</line></team>
</game>
<game>
<team tnum="1"><name>Seattle Seahawks</name><score>10</score><site>V</site><line>5.5</line></team>
<team tnum="2"><name>Detroit Lions</name><score>30</score><site>H</site><line>-5.5</line></team>
</game>
<game>
<team tnum="1"><name>San Francisco 49ers</name><score>17</score><site>V</site><line>6.5</line></team>
<team tnum="2"><name>Dallas Cowboys</name><score>26</score><site>H</site><line>-6.5</line></team>
</game>
<game>
<team tnum="1"><name>Washington Redskins</name><score>6</score><site>V</site><line>-1.5</line></team>
<team tnum="2"><name>Phoenix Cardinals</name><score>36</score><site>H</site><line>1.5</line></team>
</game>
</date>
<date day="1993-10-18">
<game>
<team tnum="1"><name>Los Angeles Raiders</name><score>23</score><site>V</site><line>6.5</line></team>
<team tnum="2"><name>Denver Broncos</name><score>20</score><site>H</site><line>-6.5</line></team>
</game>
</date>
<date day="1993-10-24">
<game>
<team tnum="1"><name>Atlanta Falcons</name><score>26</score><site>V</site><line>11</line></team>
<team tnum="2"><name>New Orleans Saints</name><score>15</score><site>H</site><line>-11</line></team>
</game>
<game>
<team tnum="1"><name>Buffalo Bills</name><score>19</score><site>V</site><line>-3</line></team>
<team tnum="2"><name>New York Jets</name><score>10</score><site>H</site><line>3</line></team>
</game>
<game>
<team tnum="1"><name>Cincinnati Bengals</name><score>12</score><site>V</site><line>13.5</line></team>
<team tnum="2"><name>Houston Oilers</name><score>28</score><site>H</site><line>-13.5</line></team>
</game>
<game>
<team tnum="1"><name>Detroit Lions</name><score>16</score><site>V</site><line>-1</line></team>
<team tnum="2"><name>Los Angeles Rams</name><score>13</score><site>H</site><line>1</line></team>
</game>
<game>
<team tnum="1"><name>Green Bay Packers</name><score>37</score><site>V</site><line>-6</line></team>
<team tnum="2"><name>Tampa Bay Buccaneers</name><score>14</score><site>H</site><line>6</line></team>
</game>
<game>
<team tnum="1"><name>Indianapolis Colts</name><score>27</score><site>V</site><line>7.5</line></team>
<team tnum="2"><name>Miami Dolphins</name><score>41</score><site>H</site><line>-7.5</line></team>
</game>
<game>
<team tnum="1"><name>New England Patriots</name><score>9</score><site>V</site><line>8.5</line></team>
<team tnum="2"><name>Seattle Seahawks</name><score>10</score><site>H</site><line>-8.5</line></team>
</game>
<game>
<team tnum="1"><name>Phoenix Cardinals</name><score>14</score><site>V</site><line>10.5</line></team>
<team tnum="2"><name>San Francisco 49ers</name><score>28</score><site>H</site><line>-10.5</line></team>
</game>
<game>
<team tnum="1"><name>Pittsburgh Steelers</name><score>23</score><site>V</site><line>-2</line></team>
<team tnum="2"><name>Cleveland Browns</name><score>28</score><site>H</site><line>2</line></team>
</game>
</date>
<date day="1993-10-25">
<game>
<team tnum="1"><name>Minnesota Vikings</name><score>19</score><site>V</site><line>3</line></team>
<team tnum="2"><name>Chicago Bears</name><score>12</score><site>H</site><line>-3</line></team>
</game>
</date>
<date day="1993-10-31">
<game>
<team tnum="1"><name>Chicago Bears</name><score>3</score><site>V</site><line>6.5</line></team>
<team tnum="2"><name>Green Bay Packers</name><score>17</score><site>H</site><line>-6.5</line></team>
</game>
<game>
<team tnum="1"><name>Dallas Cowboys</name><score>23</score><site>V</site><line>-10.5</line></team>
<team tnum="2"><name>Philadelphia Eagles</name><score>10</score><site>H</site><line>10.5</line></team>
</game>
<game>
<team tnum="1"><name>Detroit Lions</name><score>30</score><site>V</site><line>4</line></team>
<team tnum="2"><name>Minnesota Vikings</name><score>27</score><site>H</site><line>-4</line></team>
</game>
<game>
<team tnum="1"><name>New York Jets</name><score>10</score><site>V</site><line>6.5</line></team>
<team tnum="2"><name>New York Giants</name><score>6</score><site>H</site><line>-6.5</line></team>
</game>
<game>
<team tnum="1"><name>Kansas City Chiefs</name><score>10</score><site>V</site><line>-1</line></team>
<team tnum="2"><name>Miami Dolphins</name><score>30</score><site>H</site><line>1</line></team>
</game>
<game>
<team tnum="1"><name>New England Patriots</name><score>6</score><site>V</site><line>7</line></team>
<team tnum="2"><name>Indianapolis Colts</name><score>9</score><site>H</site><line>-7</line></team>
</game>
<game>
<team tnum="1"><name>New Orleans Saints</name><score>20</score><site>V</site><line>-3</line></team>
<team tnum="2"><name>Phoenix Cardinals</name><score>17</score><site>H</site><line>3</line></team>
</game>
<game>
<team tnum="1"><name>Los Angeles Rams</name><score>17</score><site>V</site><line>13</line></team>
<team tnum="2"><name>San Francisco 49ers</name><score>40</score><site>H</site><line>-13</line></team>
</game>
<game>
<team tnum="1"><name>San Diego Chargers</name><score>30</score><site>V</site><line>4</line></team>
<team tnum="2"><name>Los Angeles Raiders</name><score>23</score><site>H</site><line>-4</line></team>
</game>
<game>
<team tnum="1"><name>Seattle Seahawks</name><score>17</score><site>V</site><line>8.5</line></team>
<team tnum="2"><name>Denver Broncos</name><score>28</score><site>H</site><line>-8.5</line></team>
</game>
<game>
<team tnum="1"><name>Tampa Bay Buccaneers</name><score>31</score><site>V</site><line>9.5</line></team>
<team tnum="2"><name>Atlanta Falcons</name><score>24</score><site>H</site><line>-9.5</line></team>
</game>
</date>
<date day="1993-11-01">
<game>
<team tnum="1"><name>Washington Redskins</name><score>10</score><site>V</site><line>9</line></team>
<team tnum="2"><name>Buffalo Bills</name><score>24</score><site>H</site><line>-9</line></team>
</game>
</date>
<date day="1993-11-07">
<game>
<team tnum="1"><name>Buffalo Bills</name><score>13</score><site>V</site><line>-9.5</line></team>
<team tnum="2"><name>New England Patriots</name><score>10</score><site>H</site><line>9.5</line></team>
</game>
<game>
<team tnum="1"><name>Denver Broncos</name><score>29</score><site>V</site><line>2.5</line></team>
<team tnum="2"><name>Cleveland Browns</name><score>14</score><site>H</site><line>-2.5</line></team>
</game>
<game>
<team tnum="1"><name>Indianapolis Colts</name><score>24</score><site>V</site><line>6.5</line></team>
<team tnum="2"><name>Washington Redskins</name><score>30</score><site>H</site><line>-6.5</line></team>
</game>
<game>
<team tnum="1"><name>Miami Dolphins</name><score>10</score><site>V</site><line>-1.5</line></team>
<team tnum="2"><name>New York Jets</name><score>27</score><site>H</site><line>1.5</line></team>
</game>
<game>
<team tnum="1"><name>New York Giants</name><score>9</score><site>V</site><line>10</line></team>
<team tnum="2"><name>Dallas Cowboys</name><score>31</score><site>H</site><line>-10</line></team>
</game>
<game>
<team tnum="1"><name>Philadelphia Eagles</name><score>3</score><site>V</site><line>2</line></team>
<team tnum="2"><name>Phoenix Cardinals</name><score>16</score><site>H</site><line>-2</line></team>
</game>
<game>
<team tnum="1"><name>Pittsburgh Steelers</name><score>24</score><site>V</site><line>-9.5</line></team>
<team tnum="2"><name>Cincinnati Bengals</name><score>16</score><site>H</site><line>9.5</line></team>
</game>
<game>
<team tnum="1"><name>Los Angeles Raiders</name><score>16</score><site>V</site><line>-2</line></team>
<team tnum="2"><name>Chicago Bears</name><score>14</score><site>H</site><line>2</line></team>
</game>
<game>
<team tnum="1"><name>San Diego Chargers</name><score>30</score><site>V</site><line>4</line></team>
<team tnum="2"><name>Minnesota Vikings</name><score>17</score><site>H</site><line>-4</line></team>
</game>
<game>
<team tnum="1"><name>Seattle Seahawks</name><score>14</score><site>V</site><line>9</line></team>
<team tnum="2"><name>Houston Oilers</name><score>24</score><site>H</site><line>-9</line></team>
</game>
<game>
<team tnum="1"><name>Tampa Bay Buccaneers</name><score>0</score><site>V</site><line>12</line></team>
<team tnum="2"><name>Detroit Lions</name><score>23</score><site>H</site><line>-12</line></team>
</game>
</date>
<date day="1993-11-08">
<game>
<team tnum="1"><name>Green Bay Packers</name><score>16</score><site>V</site><line>4</line></team>
<team tnum="2"><name>Kansas City Chiefs</name><score>23</score><site>H</site><line>-4</line></team>
</game>
</date>
<date day="1993-11-14">
<game>
<team tnum="1"><name>Atlanta Falcons</name><score>13</score><site>V</site><line>3</line></team>
<team tnum="2"><name>Los Angeles Rams</name><score>0</score><site>H</site><line>-3</line></team>
</game>
<game>
<team tnum="1"><name>Chicago Bears</name><score>16</score><site>V</site><line>8.5</line></team>
<team tnum="2"><name>San Diego Chargers</name><score>13</score><site>H</site><line>-8.5</line></team>
</game>
<game>
<team tnum="1"><name>Cleveland Browns</name><score>5</score><site>V</site><line>3</line></team>
<team tnum="2"><name>Seattle Seahawks</name><score>22</score><site>H</site><line>-3</line></team>
</game>
<game>
<team tnum="1"><name>Green Bay Packers</name><score>19</score><site>V</site><line>6</line></team>
<team tnum="2"><name>New Orleans Saints</name><score>17</score><site>H</site><line>-6</line></team>
</game>
<game>
<team tnum="1"><name>Houston Oilers</name><score>38</score><site>V</site><line>-8</line></team>
<team tnum="2"><name>Cincinnati Bengals</name><score>3</score><site>H</site><line>8</line></team>
</game>
<game>
<team tnum="1"><name>New York Jets</name><score>31</score><site>V</site><line>-4.5</line></team>
<team tnum="2"><name>Indianapolis Colts</name><score>17</score><site>H</site><line>4.5</line></team>
</game>
<game>
<team tnum="1"><name>Kansas City Chiefs</name><score>31</score><site>V</site><line>3</line></team>
<team tnum="2"><name>Los Angeles Raiders</name><score>20</score><site>H</site><line>-3</line></team>
</game>
<game>
<team tnum="1"><name>Miami Dolphins</name><score>19</score><site>V</site><line>-6</line></team>
<team tnum="2"><name>Philadelphia Eagles</name><score>14</score><site>H</site><line>6</line></team>
</game>
<game>
<team tnum="1"><name>Minnesota Vikings</name><score>26</score><site>V</site><line>7</line></team>
<team tnum="2"><name>Denver Broncos</name><score>23</score><site>H</site><line>-7</line></team>
</game>
<game>
<team tnum="1"><name>Phoenix Cardinals</name><score>15</score><site>V</site><line>12.5</line></team>
<team tnum="2"><name>Dallas Cowboys</name><score>20</score><site>H</site><line>-12.5</line></team>
</game>
<game>
<team tnum="1"><name>San Francisco 49ers</name><score>45</score><site>V</site><line>-14.5</line></team>
<team tnum="2"><name>Tampa Bay Buccaneers</name><score>21</score><site>H</site><line>14.5</line></team>
</game>
<game>
<team tnum="1"><name>Washington Redskins</name><score>6</score><site>V</site><line>7.5</line></team>
<team tnum="2"><name>New York Giants</name><score>20</score><site>H</site><line>-7.5</line></team>
</game>
</date>
<date day="1993-11-15">
<game>
<team tnum="1"><name>Buffalo Bills</name><score>0</score><site>V</site><line>3</line></team>
<team tnum="2"><name>Pittsburgh Steelers</name><score>23</score><site>H</site><line>-3</line></team>
</game>
</date>
<date day="1993-11-21">
<game>
<team tnum="1"><name>Chicago Bears</name><score>19</score><site>V</site><line>10</line></team>
<team tnum="2"><name>Kansas City Chiefs</name><score>17</score><site>H</site><line>-10</line></team>
</game>
<game>
<team tnum="1"><name>Cincinnati Bengals</name><score>12</score><site>V</site><line>15.5</line></team>
<team tnum="2"><name>New York Jets</name><score>17</score><site>H</site><line>-15.5</line></team>
</game>
<game>
<team tnum="1"><name>Dallas Cowboys</name><score>14</score><site>V</site><line>-10</line></team>
<team tnum="2"><name>Atlanta Falcons</name><score>27</score><site>H</site><line>10</line></team>
</game>
<game>
<team tnum="1"><name>Detroit Lions</name><score>17</score><site>V</site><line>3.5</line></team>
<team tnum="2"><name>Green Bay Packers</name><score>26</score><site>H</site><line>-3.5</line></team>
</game>
<game>
<team tnum="1"><name>Houston Oilers</name><score>27</score><site>V</site><line>-4.5</line></team>
<team tnum="2"><name>Cleveland Browns</name><score>20</score><site>H</site><line>4.5</line></team>
</game>
<game>
<team tnum="1"><name>Indianapolis Colts</name><score>9</score><site>V</site><line>13</line></team>
<team tnum="2"><name>Buffalo Bills</name><score>23</score><site>H</site><line>-13</line></team>
</game>
<game>
<team tnum="1"><name>Minnesota Vikings</name><score>10</score><site>V</site><line>-8</line></team>
<team tnum="2"><name>Tampa Bay Buccaneers</name><score>23</score><site>H</site><line>8</line></team>
</game>
<game>
<team tnum="1"><name>New England Patriots</name><score>13</score><site>V</site><line>8</line></team>
<team tnum="2"><name>Miami Dolphins</name><score>17</score><site>H</site><line>-8</line></team>
</game>
<game>
<team tnum="1"><name>New York Giants</name><score>7</score><site>V</site><line>-5</line></team>
<team tnum="2"><name>Philadelphia Eagles</name><score>3</score><site>H</site><line>5</line></team>
</game>
<game>
<team tnum="1"><name>Pittsburgh Steelers</name><score>13</score><site>V</site><line>3</line></team>
<team tnum="2"><name>Denver Broncos</name><score>37</score><site>H</site><line>-3</line></team>
</game>
<game>
<team tnum="1"><name>Los Angeles Raiders</name><score>12</score><site>V</site><line>3.5</line></team>
<team tnum="2"><name>San Diego Chargers</name><score>7</score><site>H</site><line>-3.5</line></team>
</game>
<game>
<team tnum="1"><name>Washington Redskins</name><score>6</score><site>V</site><line>2</line></team>
<team tnum="2"><name>Los Angeles Rams</name><score>10</score><site>H</site><line>-2</line></team>
</game>
</date>
<date day="1993-11-22">
<game>
<team tnum="1"><name>New Orleans Saints</name><score>7</score><site>V</site><line>8</line></team>
<team tnum="2"><name>San Francisco 49ers</name><score>42</score><site>H</site><line>-8</line></team>
</game>
</date>
<date day="1993-11-25">
<game>
<team tnum="1"><name>Chicago Bears</name><score>10</score><site>V</site><line>7</line></team>
<team tnum="2"><name>Detroit Lions</name><score>6</score><site>H</site><line>-7</line></team>
</game>
<game>
<team tnum="1"><name>Miami Dolphins</name><score>16</score><site>V</site><line>10</line></team>
<team tnum="2"><name>Dallas Cowboys</name><score>14</score><site>H</site><line>-10</line></team>
</game>
</date>
<date day="1993-11-28">
<game>
<team tnum="1"><name>Buffalo Bills</name><score>7</score><site>V</site><line>3</line></team>
<team tnum="2"><name>Kansas City Chiefs</name><score>23</score><site>H</site><line>-3</line></team>
</game>
<game>
<team tnum="1"><name>Cleveland Browns</name><score>14</score><site>V</site><line>6.5</line></team>
<team tnum="2"><name>Atlanta Falcons</name><score>17</score><site>H</site><line>-6.5</line></team>
</game>
<game>
<team tnum="1"><name>Denver Broncos</name><score>17</score><site>V</site><line>-3</line></team>
<team tnum="2"><name>Seattle Seahawks</name><score>9</score><site>H</site><line>3</line></team>
</game>
<game>
<team tnum="1"><name>New York Jets</name><score>6</score><site>V</site><line>-4</line></team>
<team tnum="2"><name>New England Patriots</name><score>0</score><site>H</site><line>4</line></team>
</game>
<game>
<team tnum="1"><name>New Orleans Saints</name><score>17</score><site>V</site><line>2.5</line></team>
<team tnum="2"><name>Minnesota Vikings</name><score>14</score><site>H</site><line>-2.5</line></team>
</game>
<game>
<team tnum="1"><name>Philadelphia Eagles</name><score>17</score><site>V</site><line>2.5</line></team>
<team tnum="2"><name>Washington Redskins</name><score>14</score><site>H</site><line>-2.5</line></team>
</game>
<game>
<team tnum="1"><name>Phoenix Cardinals</name><score>17</score><site>V</site><line>7</line></team>
<team tnum="2"><name>New York Giants</name><score>19</score><site>H</site><line>-7</line></team>
</game>
<game>
<team tnum="1"><name>Pittsburgh Steelers</name><score>3</score><site>V</site><line>3.5</line></team>
<team tnum="2"><name>Houston Oilers</name><score>23</score><site>H</site><line>-3.5</line></team>
</game>
<game>
<team tnum="1"><name>Los Angeles Raiders</name><score>10</score><site>V</site><line>-9</line></team>
<team tnum="2"><name>Cincinnati Bengals</name><score>16</score><site>H</site><line>9</line></team>
</game>
<game>
<team tnum="1"><name>San Francisco 49ers</name><score>35</score><site>V</site><line>-13</line></team>
<team tnum="2"><name>Los Angeles Rams</name><score>10</score><site>H</site><line>13</line></team>
</game>
<game>
<team tnum="1"><name>Tampa Bay Buccaneers</name><score>10</score><site>V</site><line>12.5</line></team>
<team tnum="2"><name>Green Bay Packers</name><score>13</score><site>H</site><line>-12.5</line></team>
</game>
</date>
<date day="1993-11-29">
<game>
<team tnum="1"><name>San Diego Chargers</name><score>31</score><site>V</site><line>-2</line></team>
<team tnum="2"><name>Indianapolis Colts</name><score>0</score><site>H</site><line>2</line></team>
</game>
</date>
<date day="1993-12-05">
<game>
<team tnum="1"><name>Atlanta Falcons</name><score>17</score><site>V</site><line>7.5</line></team>
<team tnum="2"><name>Houston Oilers</name><score>33</score><site>H</site><line>-7.5</line></team>
</game>
<game>
<team tnum="1"><name>Cincinnati Bengals</name><score>8</score><site>V</site><line>24</line></team>
<team tnum="2"><name>San Francisco 49ers</name><score>21</score><site>H</site><line>-24</line></team>
</game>
<game>
<team tnum="1"><name>Denver Broncos</name><score>10</score><site>V</site><line>3</line></team>
<team tnum="2"><name>San Diego Chargers</name><score>13</score><site>H</site><line>-3</line></team>
</game>
<game>
<team tnum="1"><name>Green Bay Packers</name><score>17</score><site>V</site><line>1.5</line></team>
<team tnum="2"><name>Chicago Bears</name><score>30</score><site>H</site><line>-1.5</line></team>
</game>
<game>
<team tnum="1"><name>Indianapolis Colts</name><score>9</score><site>V</site><line>10.5</line></team>
<team tnum="2"><name>New York Jets</name><score>6</score><site>H</site><line>-10.5</line></team>
</game>
<game>
<team tnum="1"><name>Kansas City Chiefs</name><score>31</score><site>V</site><line>-7</line></team>
<team tnum="2"><name>Seattle Seahawks</name><score>16</score><site>H</site><line>7</line></team>
</game>
<game>
<team tnum="1"><name>Minnesota Vikings</name><score>13</score><site>V</site><line>3</line></team>
<team tnum="2"><name>Detroit Lions</name><score>0</score><site>H</site><line>-3</line></team>
</game>
<game>
<team tnum="1"><name>New England Patriots</name><score>14</score><site>V</site><line>11</line></team>
<team tnum="2"><name>Pittsburgh Steelers</name><score>17</score><site>H</site><line>-11</line></team>
</game>
<game>
<team tnum="1"><name>New Orleans Saints</name><score>13</score><site>V</site><line>-4</line></team>
<team tnum="2"><name>Cleveland Browns</name><score>17</score><site>H</site><line>4</line></team>
</game>
<game>
<team tnum="1"><name>New York Giants</name><score>19</score><site>V</site><line>3.5</line></team>
<team tnum="2"><name>Miami Dolphins</name><score>14</score><site>H</site><line>-3.5</line></team>
</game>
<game>
<team tnum="1"><name>Los Angeles Raiders</name><score>25</score><site>V</site><line>7</line></team>
<team tnum="2"><name>Buffalo Bills</name><score>24</score><site>H</site><line>-7</line></team>
</game>
<game>
<team tnum="1"><name>Los Angeles Rams</name><score>10</score><site>V</site><line>7</line></team>
<team tnum="2"><name>Phoenix Cardinals</name><score>38</score><site>H</site><line>-7</line></team>
</game>
<game>
<team tnum="1"><name>Washington Redskins</name><score>23</score><site>V</site><line>2.5</line></team>
<team tnum="2"><name>Tampa Bay Buccaneers</name><score>17</score><site>H</site><line>-2.5</line></team>
</game>
</date>
<date day="1993-12-06">
<game>
<team tnum="1"><name>Philadelphia Eagles</name><score>17</score><site>V</site><line>16</line></team>
<team tnum="2"><name>Dallas Cowboys</name><score>23</score><site>H</site><line>-16</line></team>
</game>
</date>
<date day="1993-12-11">
<game>
<team tnum="1"><name>New York Jets</name><score>3</score><site>V</site><line>-3</line></team>
<team tnum="2"><name>Washington Redskins</name><score>0</score><site>H</site><line>3</line></team>
</game>
<game>
<team tnum="1"><name>San Francisco 49ers</name><score>24</score><site>V</site><line>-8</line></team>
<team tnum="2"><name>Atlanta Falcons</name><score>27</score><site>H</site><line>8</line></team>
</game>
</date>
<date day="1993-12-12">
<game>
<team tnum="1"><name>Buffalo Bills</name><score>10</score><site>V</site><line>-4</line></team>
<team tnum="2"><name>Philadelphia Eagles</name><score>7</score><site>H</site><line>4</line></team>
</game>
<game>
<team tnum="1"><name>Chicago Bears</name><score>10</score><site>V</site><line>-5</line></team>
<team tnum="2"><name>Tampa Bay Buccaneers</name><score>13</score><site>H</site><line>5</line></team>
</game>
<game>
<team tnum="1"><name>Cincinnati Bengals</name><score>2</score><site>V</site><line>5.5</line></team>
<team tnum="2"><name>New England Patriots</name><score>7</score><site>H</site><line>-5.5</line></team>
</game>
<game>
<team tnum="1"><name>Cleveland Browns</name><score>17</score><site>V</site><line>10</line></team>
<team tnum="2"><name>Houston Oilers</name><score>19</score><site>H</site><line>-10</line></team>
</game>
<game>
<team tnum="1"><name>Dallas Cowboys</name><score>37</score><site>V</site><line>-7</line></team>
<team tnum="2"><name>Minnesota Vikings</name><score>20</score><site>H</site><line>7</line></team>
</game>
<game>
<team tnum="1"><name>Detroit Lions</name><score>21</score><site>V</site><line>7</line></team>
<team tnum="2"><name>Phoenix Cardinals</name><score>14</score><site>H</site><line>-7</line></team>
</game>
<game>
<team tnum="1"><name>Green Bay Packers</name><score>20</score><site>V</site><line>3</line></team>
<team tnum="2"><name>San Diego Chargers</name><score>13</score><site>H</site><line>-3</line></team>
</game>
<game>
<team tnum="1"><name>Indianapolis Colts</name><score>6</score><site>V</site><line>11</line></team>
<team tnum="2"><name>New York Giants</name><score>20</score><site>H</site><line>-11</line></team>
</game>
<game>
<team tnum="1"><name>Kansas City Chiefs</name><score>21</score><site>V</site><line>1</line></team>
<team tnum="2"><name>Denver Broncos</name><score>27</score><site>H</site><line>-1</line></team>
</game>
<game>
<team tnum="1"><name>Los Angeles Rams</name><score>23</score><site>V</site><line>14</line></team>
<team tnum="2"><name>New Orleans Saints</name><score>20</score><site>H</site><line>-14</line></team>
</game>
<game>
<team tnum="1"><name>Seattle Seahawks</name><score>23</score><site>V</site><line>8.5</line></team>
<team tnum="2"><name>Los Angeles Raiders</name><score>27</score><site>H</site><line>-8.5</line></team>
</game>
</date>
<date day="1993-12-13">
<game>
<team tnum="1"><name>Pittsburgh Steelers</name><score>21</score><site>V</site><line>3.5</line></team>
<team tnum="2"><name>Miami Dolphins</name><score>20</score><site>H</site><line>-3.5</line></team>
</game>
</date>
<date day="1993-12-18">
<game>
<team tnum="1"><name>Dallas Cowboys</name><score>28</score><site>V</site><line>-7</line></team>
<team tnum="2"><name>New York Jets</name><score>7</score><site>H</site><line>7</line></team>
</game>
<game>
<team tnum="1"><name>Denver Broncos</name><score>13</score><site>V</site><line>-1.5</line></team>
<team tnum="2"><name>Chicago Bears</name><score>3</score><site>H</site><line>1.5</line></team>
</game>
</date>
<date day="1993-12-19">
<game>
<team tnum="1"><name>Atlanta Falcons</name><score>17</score><site>V</site><line>-3</line></team>
<team tnum="2"><name>Washington Redskins</name><score>30</score><site>H</site><line>3</line></team>
</game>
<game>
<team tnum="1"><name>Buffalo Bills</name><score>47</score><site>V</site><line>3.5</line></team>
<team tnum="2"><name>Miami Dolphins</name><score>34</score><site>H</site><line>-3.5</line></team>
</game>
<game>
<team tnum="1"><name>Houston Oilers</name><score>26</score><site>V</site><line>3.5</line></team>
<team tnum="2"><name>Pittsburgh Steelers</name><score>17</score><site>H</site><line>-3.5</line></team>
</game>
<game>
<team tnum="1"><name>Minnesota Vikings</name><score>21</score><site>V</site><line>6.5</line></team>
<team tnum="2"><name>Green Bay Packers</name><score>17</score><site>H</site><line>-6.5</line></team>
</game>
<game>
<team tnum="1"><name>New England Patriots</name><score>20</score><site>V</site><line>5.5</line></team>
<team tnum="2"><name>Cleveland Browns</name><score>17</score><site>H</site><line>-5.5</line></team>
</game>
<game>
<team tnum="1"><name>Philadelphia Eagles</name><score>20</score><site>V</site><line>-1.5</line></team>
<team tnum="2"><name>Indianapolis Colts</name><score>10</score><site>H</site><line>1.5</line></team>
</game>
<game>
<team tnum="1"><name>Phoenix Cardinals</name><score>30</score><site>V</site><line>2</line></team>
<team tnum="2"><name>Seattle Seahawks</name><score>27</score><site>H</site><line>-2</line></team>
</game>
<game>
<team tnum="1"><name>Los Angeles Rams</name><score>3</score><site>V</site><line>-1</line></team>
<team tnum="2"><name>Cincinnati Bengals</name><score>15</score><site>H</site><line>1</line></team>
</game>
<game>
<team tnum="1"><name>San Diego Chargers</name><score>24</score><site>V</site><line>8.5</line></team>
<team tnum="2"><name>Kansas City Chiefs</name><score>28</score><site>H</site><line>-8.5</line></team>
</game>
<game>
<team tnum="1"><name>San Francisco 49ers</name><score>55</score><site>V</site><line>-8</line></team>
<team tnum="2"><name>Detroit Lions</name><score>17</score><site>H</site><line>8</line></team>
</game>
<game>
<team tnum="1"><name>Tampa Bay Buccaneers</name><score>20</score><site>V</site><line>9.5</line></team>
<team tnum="2"><name>Los Angeles Raiders</name><score>27</score><site>H</site><line>-9.5</line></team>
</game>
</date>
<date day="1993-12-20">
<game>
<team tnum="1"><name>New York Giants</name><score>24</score><site>V</site><line>1</line></team>
<team tnum="2"><name>New Orleans Saints</name><score>14</score><site>H</site><line>-1</line></team>
</game>
</date>
<date day="1993-12-25">
<game>
<team tnum="1"><name>Houston Oilers</name><score>10</score><site>V</site><line>7.5</line></team>
<team tnum="2"><name>San Francisco 49ers</name><score>7</score><site>H</site><line>-7.5</line></team>
</game>
</date>
<date day="1993-12-26">
<game>
<team tnum="1"><name>Atlanta Falcons</name><score>17</score><site>V</site><line>-3.5</line></team>
<team tnum="2"><name>Cincinnati Bengals</name><score>21</score><site>H</site><line>3.5</line></team>
</game>
<game>
<team tnum="1"><name>Cleveland Browns</name><score>42</score><site>V</site><line>-2</line></team>
<team tnum="2"><name>Los Angeles Rams</name><score>14</score><site>H</site><line>2</line></team>
</game>
<game>
<team tnum="1"><name>Detroit Lions</name><score>20</score><site>V</site><line>3</line></team>
<team tnum="2"><name>Chicago Bears</name><score>14</score><site>H</site><line>-3</line></team>
</game>
<game>
<team tnum="1"><name>Indianapolis Colts</name><score>0</score><site>V</site><line>6</line></team>
<team tnum="2"><name>New England Patriots</name><score>38</score><site>H</site><line>-6</line></team>
</game>
<game>
<team tnum="1"><name>New York Jets</name><score>14</score><site>V</site><line>7</line></team>
<team tnum="2"><name>Buffalo Bills</name><score>16</score><site>H</site><line>-7</line></team>
</game>
<game>
<team tnum="1"><name>Kansas City Chiefs</name><score>10</score><site>V</site><line>-3</line></team>
<team tnum="2"><name>Minnesota Vikings</name><score>30</score><site>H</site><line>3</line></team>
</game>
<game>
<team tnum="1"><name>New Orleans Saints</name><score>26</score><site>V</site><line>3</line></team>
<team tnum="2"><name>Philadelphia Eagles</name><score>37</score><site>H</site><line>-3</line></team>
</game>
<game>
<team tnum="1"><name>New York Giants</name><score>6</score><site>V</site><line>-3</line></team>
<team tnum="2"><name>Phoenix Cardinals</name><score>17</score><site>H</site><line>3</line></team>
</game>
<game>
<team tnum="1"><name>Pittsburgh Steelers</name><score>6</score><site>V</site><line>-3</line></team>
<team tnum="2"><name>Seattle Seahawks</name><score>16</score><site>H</site><line>3</line></team>
</game>
<game>
<team tnum="1"><name>Los Angeles Raiders</name><score>0</score><site>V</site><line>3</line></team>
<team tnum="2"><name>Green Bay Packers</name><score>28</score><site>H</site><line>-3</line></team>
</game>
<game>
<team tnum="1"><name>Tampa Bay Buccaneers</name><score>17</score><site>V</site><line>13.5</line></team>
<team tnum="2"><name>Denver Broncos</name><score>10</score><site>H</site><line>-13.5</line></team>
</game>
<game>
<team tnum="1"><name>Washington Redskins</name><score>3</score><site>V</site><line>17</line></team>
<team tnum="2"><name>Dallas Cowboys</name><score>38</score><site>H</site><line>-17</line></team>
</game>
</date>
<date day="1993-12-27">
<game>
<team tnum="1"><name>Miami Dolphins</name><score>20</score><site>V</site><line>1</line></team>
<team tnum="2"><name>San Diego Chargers</name><score>45</score><site>H</site><line>-1</line></team>
</game>
</date>
<date day="1993-12-31">
<game>
<team tnum="1"><name>Minnesota Vikings</name><score>14</score><site>V</site><line>-7</line></team>
<team tnum="2"><name>Washington Redskins</name><score>9</score><site>H</site><line>7</line></team>
</game>
</date>
<date day="1994-01-02">
<game>
<team tnum="1"><name>Buffalo Bills</name><score>30</score><site>V</site><line>-11</line></team>
<team tnum="2"><name>Indianapolis Colts</name><score>10</score><site>H</site><line>11</line></team>
</game>
<game>
<team tnum="1"><name>Chicago Bears</name><score>6</score><site>V</site><line>-3</line></team>
<team tnum="2"><name>Los Angeles Rams</name><score>20</score><site>H</site><line>3</line></team>
</game>
<game>
<team tnum="1"><name>Cincinnati Bengals</name><score>13</score><site>V</site><line>6</line></team>
<team tnum="2"><name>New Orleans Saints</name><score>20</score><site>H</site><line>-6</line></team>
</game>
<game>
<team tnum="1"><name>Cleveland Browns</name><score>9</score><site>V</site><line>5</line></team>
<team tnum="2"><name>Pittsburgh Steelers</name><score>16</score><site>H</site><line>-5</line></team>
</game>
<game>
<team tnum="1"><name>Dallas Cowboys</name><score>16</score><site>V</site><line>-6.5</line></team>
<team tnum="2"><name>New York Giants</name><score>13</score><site>H</site><line>6.5</line></team>
</game>
<game>
<team tnum="1"><name>Denver Broncos</name><score>30</score><site>V</site><line>3</line></team>
<team tnum="2"><name>Los Angeles Raiders</name><score>33</score><site>H</site><line>-3</line></team>
</game>
<game>
<team tnum="1"><name>Green Bay Packers</name><score>20</score><site>V</site><line>-1</line></team>
<team tnum="2"><name>Detroit Lions</name><score>30</score><site>H</site><line>1</line></team>
</game>
<game>
<team tnum="1"><name>New York Jets</name><score>0</score><site>V</site><line>5.5</line></team>
<team tnum="2"><name>Houston Oilers</name><score>24</score><site>H</site><line>-5.5</line></team>
</game>
<game>
<team tnum="1"><name>Miami Dolphins</name><score>27</score><site>V</site><line>0</line></team>
<team tnum="2"><name>New England Patriots</name><score>33</score><site>H</site><line>0</line></team>
</game>
<game>
<team tnum="1"><name>Phoenix Cardinals</name><score>27</score><site>V</site><line>2</line></team>
<team tnum="2"><name>Atlanta Falcons</name><score>10</score><site>H</site><line>-2</line></team>
</game>
<game>
<team tnum="1"><name>San Diego Chargers</name><score>32</score><site>V</site><line>0</line></team>
<team tnum="2"><name>Tampa Bay Buccaneers</name><score>17</score><site>H</site><line>0</line></team>
</game>
<game>
<team tnum="1"><name>Seattle Seahawks</name><score>24</score><site>V</site><line>8.5</line></team>
<team tnum="2"><name>Kansas City Chiefs</name><score>34</score><site>H</site><line>-8.5</line></team>
</game>
</date>
<date day="1994-01-03">
<game>
<team tnum="1"><name>Philadelphia Eagles</name><score>37</score><site>V</site><line>10.5</line></team>
<team tnum="2"><name>San Francisco 49ers</name><score>34</score><site>H</site><line>-10.5</line></team>
</game>
</date>
</scores>
