<?xml version="1.0" encoding="UTF-8"?> 
<scores>
<league>NFL</league><year>2001</year><season>Regular Season</season>
<date day="2001-09-09">
<game>
<team tnum="1"><name>Indianapolis Colts</name><score>45</score><site>V</site><line>-1.5</line></team>
<team tnum="2"><name>New York Jets</name><score>24</score><site>H</site><line>1.5</line></team>
</game>
<game>
<team tnum="1"><name>Oakland Raiders</name><score>27</score><site>V</site><line>-3</line></team>
<team tnum="2"><name>Kansas City Chiefs</name><score>24</score><site>H</site><line>3</line></team>
</game>
<game>
<team tnum="1"><name>Carolina Panthers</name><score>24</score><site>V</site><line>10</line></team>
<team tnum="2"><name>Minnesota Vikings</name><score>13</score><site>H</site><line>-10</line></team>
</game>
<game>
<team tnum="1"><name>Detroit Lions</name><score>6</score><site>V</site><line>5.5</line></team>
<team tnum="2"><name>Green Bay Packers</name><score>28</score><site>H</site><line>-5.5</line></team>
</game>
<game>
<team tnum="1"><name>New England Patriots</name><score>17</score><site>V</site><line>0</line></team>
<team tnum="2"><name>Cincinnati Bengals</name><score>23</score><site>H</site><line>0</line></team>
</game>
<game>
<team tnum="1"><name>New Orleans Saints</name><score>24</score><site>V</site><line>-1.5</line></team>
<team tnum="2"><name>Buffalo Bills</name><score>6</score><site>H</site><line>1.5</line></team>
</game>
<game>
<team tnum="1"><name>Seattle Seahawks</name><score>9</score><site>V</site><line>-4</line></team>
<team tnum="2"><name>Cleveland Browns</name><score>6</score><site>H</site><line>4</line></team>
</game>
<game>
<team tnum="1"><name>Tampa Bay Buccaneers</name><score>10</score><site>V</site><line>-9</line></team>
<team tnum="2"><name>Dallas Cowboys</name><score>6</score><site>H</site><line>9</line></team>
</game>
<game>
<team tnum="1"><name>Pittsburgh Steelers</name><score>3</score><site>V</site><line>3</line></team>
<team tnum="2"><name>Jacksonville Jaguars</name><score>21</score><site>H</site><line>-3</line></team>
</game>
<game>
<team tnum="1"><name>Chicago Bears</name><score>6</score><site>V</site><line>10.5</line></team>
<team tnum="2"><name>Baltimore Ravens</name><score>17</score><site>H</site><line>-10.5</line></team>
</game>
<game>
<team tnum="1"><name>St Louis Rams</name><score>20</score><site>V</site><line>-3</line></team>
<team tnum="2"><name>Philadelphia Eagles</name><score>17</score><site>H</site><line>3</line></team>
</game>
<game>
<team tnum="1"><name>Atlanta Falcons</name><score>13</score><site>V</site><line>3.5</line></team>
<team tnum="2"><name>San Francisco 49ers</name><score>16</score><site>H</site><line>-3.5</line></team>
</game>
<game>
<team tnum="1"><name>Washington Redskins</name><score>3</score><site>V</site><line>2.5</line></team>
<team tnum="2"><name>San Diego Chargers</name><score>30</score><site>H</site><line>-2.5</line></team>
</game>
<game>
<team tnum="1"><name>Miami Dolphins</name><score>31</score><site>V</site><line>6.5</line></team>
<team tnum="2"><name>Tennessee Titans</name><score>23</score><site>H</site><line>-6.5</line></team>
</game>
</date>
<date day="2001-09-10">
<game>
<team tnum="1"><name>New York Giants</name><score>20</score><site>V</site><line>7</line></team>
<team tnum="2"><name>Denver Broncos</name><score>31</score><site>H</site><line>-7</line></team>
</game>
</date>
<date day="2001-09-23">
<game>
<team tnum="1"><name>Buffalo Bills</name><score>26</score><site>V</site><line>10</line></team>
<team tnum="2"><name>Indianapolis Colts</name><score>42</score><site>H</site><line>-10</line></team>
</game>
<game>
<team tnum="1"><name>Oakland Raiders</name><score>15</score><site>V</site><line>1.5</line></team>
<team tnum="2"><name>Miami Dolphins</name><score>18</score><site>H</site><line>-1.5</line></team>
</game>
<game>
<team tnum="1"><name>Tennessee Titans</name><score>6</score><site>V</site><line>2</line></team>
<team tnum="2"><name>Jacksonville Jaguars</name><score>13</score><site>H</site><line>-2</line></team>
</game>
<game>
<team tnum="1"><name>Baltimore Ravens</name><score>10</score><site>V</site><line>-7</line></team>
<team tnum="2"><name>Cincinnati Bengals</name><score>21</score><site>H</site><line>7</line></team>
</game>
<game>
<team tnum="1"><name>Carolina Panthers</name><score>16</score><site>V</site><line>3.5</line></team>
<team tnum="2"><name>Atlanta Falcons</name><score>24</score><site>H</site><line>-3.5</line></team>
</game>
<game>
<team tnum="1"><name>Detroit Lions</name><score>14</score><site>V</site><line>-1.5</line></team>
<team tnum="2"><name>Cleveland Browns</name><score>24</score><site>H</site><line>1.5</line></team>
</game>
<game>
<team tnum="1"><name>Minnesota Vikings</name><score>10</score><site>V</site><line>-3</line></team>
<team tnum="2"><name>Chicago Bears</name><score>17</score><site>H</site><line>3</line></team>
</game>
<game>
<team tnum="1"><name>New York Giants</name><score>13</score><site>V</site><line>1.5</line></team>
<team tnum="2"><name>Kansas City Chiefs</name><score>3</score><site>H</site><line>-1.5</line></team>
</game>
<game>
<team tnum="1"><name>San Diego Chargers</name><score>32</score><site>V</site><line>-3.5</line></team>
<team tnum="2"><name>Dallas Cowboys</name><score>21</score><site>H</site><line>3.5</line></team>
</game>
<game>
<team tnum="1"><name>New York Jets</name><score>10</score><site>V</site><line>-1.5</line></team>
<team tnum="2"><name>New England Patriots</name><score>3</score><site>H</site><line>1.5</line></team>
</game>
<game>
<team tnum="1"><name>St Louis Rams</name><score>30</score><site>V</site><line>-6</line></team>
<team tnum="2"><name>San Francisco 49ers</name><score>26</score><site>H</site><line>6</line></team>
</game>
<game>
<team tnum="1"><name>Philadelphia Eagles</name><score>27</score><site>V</site><line>-2.5</line></team>
<team tnum="2"><name>Seattle Seahawks</name><score>3</score><site>H</site><line>2.5</line></team>
</game>
<game>
<team tnum="1"><name>Denver Broncos</name><score>38</score><site>V</site><line>-8.5</line></team>
<team tnum="2"><name>Arizona Cardinals</name><score>17</score><site>H</site><line>8.5</line></team>
</game>
</date>
<date day="2001-09-24">
<game>
<team tnum="1"><name>Washington Redskins</name><score>0</score><site>V</site><line>8.5</line></team>
<team tnum="2"><name>Green Bay Packers</name><score>37</score><site>H</site><line>-8.5</line></team>
</game>
</date>
<date day="2001-09-30">
<game>
<team tnum="1"><name>Tampa Bay Buccaneers</name><score>16</score><site>V</site><line>-2.5</line></team>
<team tnum="2"><name>Minnesota Vikings</name><score>20</score><site>H</site><line>2.5</line></team>
</game>
<game>
<team tnum="1"><name>Kansas City Chiefs</name><score>45</score><site>V</site><line>-3</line></team>
<team tnum="2"><name>Washington Redskins</name><score>13</score><site>H</site><line>3</line></team>
</game>
<game>
<team tnum="1"><name>Miami Dolphins</name><score>10</score><site>V</site><line>6</line></team>
<team tnum="2"><name>St Louis Rams</name><score>42</score><site>H</site><line>-6</line></team>
</game>
<game>
<team tnum="1"><name>Green Bay Packers</name><score>28</score><site>V</site><line>-3.5</line></team>
<team tnum="2"><name>Carolina Panthers</name><score>7</score><site>H</site><line>3.5</line></team>
</game>
<game>
<team tnum="1"><name>Indianapolis Colts</name><score>13</score><site>V</site><line>-11.5</line></team>
<team tnum="2"><name>New England Patriots</name><score>44</score><site>H</site><line>11.5</line></team>
</game>
<game>
<team tnum="1"><name>New Orleans Saints</name><score>13</score><site>V</site><line>3</line></team>
<team tnum="2"><name>New York Giants</name><score>21</score><site>H</site><line>-3</line></team>
</game>
<game>
<team tnum="1"><name>Pittsburgh Steelers</name><score>20</score><site>V</site><line>-3</line></team>
<team tnum="2"><name>Buffalo Bills</name><score>3</score><site>H</site><line>3</line></team>
</game>
<game>
<team tnum="1"><name>Atlanta Falcons</name><score>34</score><site>V</site><line>-3</line></team>
<team tnum="2"><name>Arizona Cardinals</name><score>14</score><site>H</site><line>3</line></team>
</game>
<game>
<team tnum="1"><name>Baltimore Ravens</name><score>20</score><site>V</site><line>4.5</line></team>
<team tnum="2"><name>Denver Broncos</name><score>13</score><site>H</site><line>-4.5</line></team>
</game>
<game>
<team tnum="1"><name>Cincinnati Bengals</name><score>14</score><site>V</site><line>6.5</line></team>
<team tnum="2"><name>San Diego Chargers</name><score>28</score><site>H</site><line>-6.5</line></team>
</game>
<game>
<team tnum="1"><name>Cleveland Browns</name><score>23</score><site>V</site><line>8.5</line></team>
<team tnum="2"><name>Jacksonville Jaguars</name><score>14</score><site>H</site><line>-8.5</line></team>
</game>
<game>
<team tnum="1"><name>Seattle Seahawks</name><score>14</score><site>V</site><line>10.5</line></team>
<team tnum="2"><name>Oakland Raiders</name><score>38</score><site>H</site><line>-10.5</line></team>
</game>
<game>
<team tnum="1"><name>Dallas Cowboys</name><score>18</score><site>V</site><line>13.5</line></team>
<team tnum="2"><name>Philadelphia Eagles</name><score>40</score><site>H</site><line>-13.5</line></team>
</game>
</date>
<date day="2001-10-01">
<game>
<team tnum="1"><name>San Francisco 49ers</name><score>19</score><site>V</site><line>3</line></team>
<team tnum="2"><name>New York Jets</name><score>17</score><site>H</site><line>-3</line></team>
</game>
</date>
<date day="2001-10-07">
<game>
<team tnum="1"><name>Tennessee Titans</name><score>7</score><site>V</site><line>3.5</line></team>
<team tnum="2"><name>Baltimore Ravens</name><score>26</score><site>H</site><line>-3.5</line></team>
</game>
<game>
<team tnum="1"><name>Washington Redskins</name><score>9</score><site>V</site><line>14</line></team>
<team tnum="2"><name>New York Giants</name><score>23</score><site>H</site><line>-14</line></team>
</game>
<game>
<team tnum="1"><name>San Diego Chargers</name><score>16</score><site>V</site><line>-3</line></team>
<team tnum="2"><name>Cleveland Browns</name><score>20</score><site>H</site><line>3</line></team>
</game>
<game>
<team tnum="1"><name>Arizona Cardinals</name><score>21</score><site>V</site><line>14.5</line></team>
<team tnum="2"><name>Philadelphia Eagles</name><score>20</score><site>H</site><line>-14.5</line></team>
</game>
<game>
<team tnum="1"><name>Chicago Bears</name><score>31</score><site>V</site><line>3.5</line></team>
<team tnum="2"><name>Atlanta Falcons</name><score>3</score><site>H</site><line>-3.5</line></team>
</game>
<game>
<team tnum="1"><name>Cincinnati Bengals</name><score>7</score><site>V</site><line>5</line></team>
<team tnum="2"><name>Pittsburgh Steelers</name><score>16</score><site>H</site><line>-5</line></team>
</game>
<game>
<team tnum="1"><name>Minnesota Vikings</name><score>15</score><site>V</site><line>3.5</line></team>
<team tnum="2"><name>New Orleans Saints</name><score>28</score><site>H</site><line>-3.5</line></team>
</game>
<game>
<team tnum="1"><name>New England Patriots</name><score>10</score><site>V</site><line>9.5</line></team>
<team tnum="2"><name>Miami Dolphins</name><score>30</score><site>H</site><line>-9.5</line></team>
</game>
<game>
<team tnum="1"><name>Kansas City Chiefs</name><score>6</score><site>V</site><line>10</line></team>
<team tnum="2"><name>Denver Broncos</name><score>20</score><site>H</site><line>-10</line></team>
</game>
<game>
<team tnum="1"><name>Jacksonville Jaguars</name><score>15</score><site>V</site><line>-3.5</line></team>
<team tnum="2"><name>Seattle Seahawks</name><score>24</score><site>H</site><line>3.5</line></team>
</game>
<game>
<team tnum="1"><name>New York Jets</name><score>42</score><site>V</site><line>-4.5</line></team>
<team tnum="2"><name>Buffalo Bills</name><score>36</score><site>H</site><line>4.5</line></team>
</game>
<game>
<team tnum="1"><name>Dallas Cowboys</name><score>21</score><site>V</site><line>18</line></team>
<team tnum="2"><name>Oakland Raiders</name><score>28</score><site>H</site><line>-18</line></team>
</game>
<game>
<team tnum="1"><name>Green Bay Packers</name><score>10</score><site>V</site><line>3</line></team>
<team tnum="2"><name>Tampa Bay Buccaneers</name><score>14</score><site>H</site><line>-3</line></team>
</game>
<game>
<team tnum="1"><name>Carolina Panthers</name><score>14</score><site>V</site><line>6.5</line></team>
<team tnum="2"><name>San Francisco 49ers</name><score>24</score><site>H</site><line>-6.5</line></team>
</game>
</date>
<date day="2001-10-08">
<game>
<team tnum="1"><name>St Louis Rams</name><score>35</score><site>V</site><line>-12.5</line></team>
<team tnum="2"><name>Detroit Lions</name><score>0</score><site>H</site><line>12.5</line></team>
</game>
</date>
<date day="2001-10-14">
<game>
<team tnum="1"><name>Baltimore Ravens</name><score>23</score><site>V</site><line>0</line></team>
<team tnum="2"><name>Green Bay Packers</name><score>31</score><site>H</site><line>0</line></team>
</game>
<game>
<team tnum="1"><name>Tampa Bay Buccaneers</name><score>28</score><site>V</site><line>3</line></team>
<team tnum="2"><name>Tennessee Titans</name><score>31</score><site>H</site><line>-3</line></team>
</game>
<game>
<team tnum="1"><name>Arizona Cardinals</name><score>13</score><site>V</site><line>7</line></team>
<team tnum="2"><name>Chicago Bears</name><score>20</score><site>H</site><line>-7</line></team>
</game>
<game>
<team tnum="1"><name>Cleveland Browns</name><score>14</score><site>V</site><line>1.5</line></team>
<team tnum="2"><name>Cincinnati Bengals</name><score>24</score><site>H</site><line>-1.5</line></team>
</game>
<game>
<team tnum="1"><name>Detroit Lions</name><score>26</score><site>V</site><line>10</line></team>
<team tnum="2"><name>Minnesota Vikings</name><score>31</score><site>H</site><line>-10</line></team>
</game>
<game>
<team tnum="1"><name>New Orleans Saints</name><score>27</score><site>V</site><line>-5</line></team>
<team tnum="2"><name>Carolina Panthers</name><score>25</score><site>H</site><line>5</line></team>
</game>
<game>
<team tnum="1"><name>New York Giants</name><score>14</score><site>V</site><line>10.5</line></team>
<team tnum="2"><name>St Louis Rams</name><score>15</score><site>H</site><line>-10.5</line></team>
</game>
<game>
<team tnum="1"><name>Pittsburgh Steelers</name><score>20</score><site>V</site><line>2.5</line></team>
<team tnum="2"><name>Kansas City Chiefs</name><score>17</score><site>H</site><line>-2.5</line></team>
</game>
<game>
<team tnum="1"><name>San Diego Chargers</name><score>26</score><site>V</site><line>-3</line></team>
<team tnum="2"><name>New England Patriots</name><score>29</score><site>H</site><line>3</line></team>
</game>
<game>
<team tnum="1"><name>San Francisco 49ers</name><score>37</score><site>V</site><line>-3</line></team>
<team tnum="2"><name>Atlanta Falcons</name><score>31</score><site>H</site><line>3</line></team>
</game>
<game>
<team tnum="1"><name>Miami Dolphins</name><score>17</score><site>V</site><line>-3</line></team>
<team tnum="2"><name>New York Jets</name><score>21</score><site>H</site><line>3</line></team>
</game>
<game>
<team tnum="1"><name>Denver Broncos</name><score>21</score><site>V</site><line>-6</line></team>
<team tnum="2"><name>Seattle Seahawks</name><score>34</score><site>H</site><line>6</line></team>
</game>
<game>
<team tnum="1"><name>Oakland Raiders</name><score>23</score><site>V</site><line>3.5</line></team>
<team tnum="2"><name>Indianapolis Colts</name><score>18</score><site>H</site><line>-3.5</line></team>
</game>
</date>
<date day="2001-10-15">
<game>
<team tnum="1"><name>Washington Redskins</name><score>7</score><site>V</site><line>3</line></team>
<team tnum="2"><name>Dallas Cowboys</name><score>9</score><site>H</site><line>-3</line></team>
</game>
</date>
<date day="2001-10-18">
<game>
<team tnum="1"><name>Buffalo Bills</name><score>13</score><site>V</site><line>9</line></team>
<team tnum="2"><name>Jacksonville Jaguars</name><score>10</score><site>H</site><line>-9</line></team>
</game>
</date>
<date day="2001-10-21">
<game>
<team tnum="1"><name>New England Patriots</name><score>38</score><site>V</site><line>10.5</line></team>
<team tnum="2"><name>Indianapolis Colts</name><score>17</score><site>H</site><line>-10.5</line></team>
</game>
<game>
<team tnum="1"><name>St Louis Rams</name><score>34</score><site>V</site><line>-7</line></team>
<team tnum="2"><name>New York Jets</name><score>14</score><site>H</site><line>7</line></team>
</game>
<game>
<team tnum="1"><name>Atlanta Falcons</name><score>20</score><site>V</site><line>8</line></team>
<team tnum="2"><name>New Orleans Saints</name><score>13</score><site>H</site><line>-8</line></team>
</game>
<game>
<team tnum="1"><name>Baltimore Ravens</name><score>14</score><site>V</site><line>-7.5</line></team>
<team tnum="2"><name>Cleveland Browns</name><score>24</score><site>H</site><line>7.5</line></team>
</game>
<game>
<team tnum="1"><name>Carolina Panthers</name><score>14</score><site>V</site><line>-3.5</line></team>
<team tnum="2"><name>Washington Redskins</name><score>17</score><site>H</site><line>3.5</line></team>
</game>
<game>
<team tnum="1"><name>Chicago Bears</name><score>24</score><site>V</site><line>1</line></team>
<team tnum="2"><name>Cincinnati Bengals</name><score>0</score><site>H</site><line>-1</line></team>
</game>
<game>
<team tnum="1"><name>Pittsburgh Steelers</name><score>17</score><site>V</site><line>5</line></team>
<team tnum="2"><name>Tampa Bay Buccaneers</name><score>10</score><site>H</site><line>-5</line></team>
</game>
<game>
<team tnum="1"><name>Tennessee Titans</name><score>27</score><site>V</site><line>-5.5</line></team>
<team tnum="2"><name>Detroit Lions</name><score>24</score><site>H</site><line>5.5</line></team>
</game>
<game>
<team tnum="1"><name>Denver Broncos</name><score>10</score><site>V</site><line>-2.5</line></team>
<team tnum="2"><name>San Diego Chargers</name><score>27</score><site>H</site><line>2.5</line></team>
</game>
<game>
<team tnum="1"><name>Kansas City Chiefs</name><score>16</score><site>V</site><line>-2</line></team>
<team tnum="2"><name>Arizona Cardinals</name><score>24</score><site>H</site><line>2</line></team>
</game>
<game>
<team tnum="1"><name>Green Bay Packers</name><score>13</score><site>V</site><line>-3</line></team>
<team tnum="2"><name>Minnesota Vikings</name><score>35</score><site>H</site><line>3</line></team>
</game>
</date>
<date day="2001-10-22">
<game>
<team tnum="1"><name>Philadelphia Eagles</name><score>10</score><site>V</site><line>3</line></team>
<team tnum="2"><name>New York Giants</name><score>9</score><site>H</site><line>-3</line></team>
</game>
</date>
<date day="2001-10-25">
<game>
<team tnum="1"><name>Indianapolis Colts</name><score>35</score><site>V</site><line>-3</line></team>
<team tnum="2"><name>Kansas City Chiefs</name><score>28</score><site>H</site><line>3</line></team>
</game>
</date>
<date day="2001-10-28">
<game>
<team tnum="1"><name>Jacksonville Jaguars</name><score>17</score><site>V</site><line>7.5</line></team>
<team tnum="2"><name>Baltimore Ravens</name><score>18</score><site>H</site><line>-7.5</line></team>
</game>
<game>
<team tnum="1"><name>Minnesota Vikings</name><score>14</score><site>V</site><line>3</line></team>
<team tnum="2"><name>Tampa Bay Buccaneers</name><score>41</score><site>H</site><line>-3</line></team>
</game>
<game>
<team tnum="1"><name>Cincinnati Bengals</name><score>31</score><site>V</site><line>3</line></team>
<team tnum="2"><name>Detroit Lions</name><score>27</score><site>H</site><line>-3</line></team>
</game>
<game>
<team tnum="1"><name>San Francisco 49ers</name><score>31</score><site>V</site><line>2</line></team>
<team tnum="2"><name>Chicago Bears</name><score>37</score><site>H</site><line>-2</line></team>
</game>
<game>
<team tnum="1"><name>New Orleans Saints</name><score>34</score><site>V</site><line>12</line></team>
<team tnum="2"><name>St Louis Rams</name><score>31</score><site>H</site><line>-12</line></team>
</game>
<game>
<team tnum="1"><name>New York Jets</name><score>13</score><site>V</site><line>-2.5</line></team>
<team tnum="2"><name>Carolina Panthers</name><score>12</score><site>H</site><line>2.5</line></team>
</game>
<game>
<team tnum="1"><name>Arizona Cardinals</name><score>3</score><site>V</site><line>-3</line></team>
<team tnum="2"><name>Dallas Cowboys</name><score>17</score><site>H</site><line>3</line></team>
</game>
<game>
<team tnum="1"><name>Oakland Raiders</name><score>20</score><site>V</site><line>1</line></team>
<team tnum="2"><name>Philadelphia Eagles</name><score>10</score><site>H</site><line>-1</line></team>
</game>
<game>
<team tnum="1"><name>New England Patriots</name><score>20</score><site>V</site><line>7</line></team>
<team tnum="2"><name>Denver Broncos</name><score>31</score><site>H</site><line>-7</line></team>
</game>
<game>
<team tnum="1"><name>Buffalo Bills</name><score>24</score><site>V</site><line>7.5</line></team>
<team tnum="2"><name>San Diego Chargers</name><score>27</score><site>H</site><line>-7.5</line></team>
</game>
<game>
<team tnum="1"><name>Miami Dolphins</name><score>24</score><site>V</site><line>-2.5</line></team>
<team tnum="2"><name>Seattle Seahawks</name><score>20</score><site>H</site><line>2.5</line></team>
</game>
<game>
<team tnum="1"><name>New York Giants</name><score>21</score><site>V</site><line>-7.5</line></team>
<team tnum="2"><name>Washington Redskins</name><score>35</score><site>H</site><line>7.5</line></team>
</game>
</date>
<date day="2001-10-29">
<game>
<team tnum="1"><name>Tennessee Titans</name><score>7</score><site>V</site><line>3</line></team>
<team tnum="2"><name>Pittsburgh Steelers</name><score>34</score><site>H</site><line>-3</line></team>
</game>
</date>
<date day="2001-11-04">
<game>
<team tnum="1"><name>Jacksonville Jaguars</name><score>24</score><site>V</site><line>3</line></team>
<team tnum="2"><name>Tennessee Titans</name><score>28</score><site>H</site><line>-3</line></team>
</game>
<game>
<team tnum="1"><name>Baltimore Ravens</name><score>13</score><site>V</site><line>2</line></team>
<team tnum="2"><name>Pittsburgh Steelers</name><score>10</score><site>H</site><line>-2</line></team>
</game>
<game>
<team tnum="1"><name>Carolina Panthers</name><score>6</score><site>V</site><line>10</line></team>
<team tnum="2"><name>Miami Dolphins</name><score>23</score><site>H</site><line>-10</line></team>
</game>
<game>
<team tnum="1"><name>Dallas Cowboys</name><score>24</score><site>V</site><line>10.5</line></team>
<team tnum="2"><name>New York Giants</name><score>27</score><site>H</site><line>-10.5</line></team>
</game>
<game>
<team tnum="1"><name>New England Patriots</name><score>24</score><site>V</site><line>3</line></team>
<team tnum="2"><name>Atlanta Falcons</name><score>10</score><site>H</site><line>-3</line></team>
</game>
<game>
<team tnum="1"><name>Tampa Bay Buccaneers</name><score>20</score><site>V</site><line>5</line></team>
<team tnum="2"><name>Green Bay Packers</name><score>21</score><site>H</site><line>-5</line></team>
</game>
<game>
<team tnum="1"><name>Cleveland Browns</name><score>21</score><site>V</site><line>4.5</line></team>
<team tnum="2"><name>Chicago Bears</name><score>27</score><site>H</site><line>-4.5</line></team>
</game>
<game>
<team tnum="1"><name>Philadelphia Eagles</name><score>21</score><site>V</site><line>-7</line></team>
<team tnum="2"><name>Arizona Cardinals</name><score>7</score><site>H</site><line>7</line></team>
</game>
<game>
<team tnum="1"><name>Detroit Lions</name><score>13</score><site>V</site><line>8.5</line></team>
<team tnum="2"><name>San Francisco 49ers</name><score>21</score><site>H</site><line>-8.5</line></team>
</game>
<game>
<team tnum="1"><name>Indianapolis Colts</name><score>30</score><site>V</site><line>-3</line></team>
<team tnum="2"><name>Buffalo Bills</name><score>14</score><site>H</site><line>3</line></team>
</game>
<game>
<team tnum="1"><name>Kansas City Chiefs</name><score>25</score><site>V</site><line>5.5</line></team>
<team tnum="2"><name>San Diego Chargers</name><score>20</score><site>H</site><line>-5.5</line></team>
</game>
<game>
<team tnum="1"><name>Seattle Seahawks</name><score>14</score><site>V</site><line>-2.5</line></team>
<team tnum="2"><name>Washington Redskins</name><score>27</score><site>H</site><line>2.5</line></team>
</game>
<game>
<team tnum="1"><name>New York Jets</name><score>16</score><site>V</site><line>6.5</line></team>
<team tnum="2"><name>New Orleans Saints</name><score>9</score><site>H</site><line>-6.5</line></team>
</game>
</date>
<date day="2001-11-05">
<game>
<team tnum="1"><name>Denver Broncos</name><score>28</score><site>V</site><line>5.5</line></team>
<team tnum="2"><name>Oakland Raiders</name><score>38</score><site>H</site><line>-5.5</line></team>
</game>
</date>
<date day="2001-11-11">
<game>
<team tnum="1"><name>Miami Dolphins</name><score>27</score><site>V</site><line>3</line></team>
<team tnum="2"><name>Indianapolis Colts</name><score>24</score><site>H</site><line>-3</line></team>
</game>
<game>
<team tnum="1"><name>Buffalo Bills</name><score>11</score><site>V</site><line>6</line></team>
<team tnum="2"><name>New England Patriots</name><score>21</score><site>H</site><line>-6</line></team>
</game>
<game>
<team tnum="1"><name>Carolina Panthers</name><score>14</score><site>V</site><line>18</line></team>
<team tnum="2"><name>St Louis Rams</name><score>48</score><site>H</site><line>-18</line></team>
</game>
<game>
<team tnum="1"><name>Dallas Cowboys</name><score>13</score><site>V</site><line>6</line></team>
<team tnum="2"><name>Atlanta Falcons</name><score>20</score><site>H</site><line>-6</line></team>
</game>
<game>
<team tnum="1"><name>Tampa Bay Buccaneers</name><score>20</score><site>V</site><line>-5</line></team>
<team tnum="2"><name>Detroit Lions</name><score>17</score><site>H</site><line>5</line></team>
</game>
<game>
<team tnum="1"><name>Green Bay Packers</name><score>20</score><site>V</site><line>-2.5</line></team>
<team tnum="2"><name>Chicago Bears</name><score>12</score><site>H</site><line>2.5</line></team>
</game>
<game>
<team tnum="1"><name>Kansas City Chiefs</name><score>7</score><site>V</site><line>4.5</line></team>
<team tnum="2"><name>New York Jets</name><score>27</score><site>H</site><line>-4.5</line></team>
</game>
<game>
<team tnum="1"><name>Pittsburgh Steelers</name><score>15</score><site>V</site><line>-3</line></team>
<team tnum="2"><name>Cleveland Browns</name><score>12</score><site>H</site><line>3</line></team>
</game>
<game>
<team tnum="1"><name>Cincinnati Bengals</name><score>13</score><site>V</site><line>4</line></team>
<team tnum="2"><name>Jacksonville Jaguars</name><score>30</score><site>H</site><line>-4</line></team>
</game>
<game>
<team tnum="1"><name>San Diego Chargers</name><score>16</score><site>V</site><line>5.5</line></team>
<team tnum="2"><name>Denver Broncos</name><score>26</score><site>H</site><line>-5.5</line></team>
</game>
<game>
<team tnum="1"><name>Minnesota Vikings</name><score>17</score><site>V</site><line>4.5</line></team>
<team tnum="2"><name>Philadelphia Eagles</name><score>48</score><site>H</site><line>-4.5</line></team>
</game>
<game>
<team tnum="1"><name>New Orleans Saints</name><score>27</score><site>V</site><line>3</line></team>
<team tnum="2"><name>San Francisco 49ers</name><score>28</score><site>H</site><line>-3</line></team>
</game>
<game>
<team tnum="1"><name>New York Giants</name><score>17</score><site>V</site><line>-5.5</line></team>
<team tnum="2"><name>Arizona Cardinals</name><score>10</score><site>H</site><line>5.5</line></team>
</game>
<game>
<team tnum="1"><name>Oakland Raiders</name><score>27</score><site>V</site><line>-6</line></team>
<team tnum="2"><name>Seattle Seahawks</name><score>34</score><site>H</site><line>6</line></team>
</game>
</date>
<date day="2001-11-12">
<game>
<team tnum="1"><name>Baltimore Ravens</name><score>16</score><site>V</site><line>-1.5</line></team>
<team tnum="2"><name>Tennessee Titans</name><score>10</score><site>H</site><line>1.5</line></team>
</game>
</date>
<date day="2001-11-18">
<game>
<team tnum="1"><name>Indianapolis Colts</name><score>20</score><site>V</site><line>5.5</line></team>
<team tnum="2"><name>New Orleans Saints</name><score>34</score><site>H</site><line>-5.5</line></team>
</game>
<game>
<team tnum="1"><name>New York Jets</name><score>24</score><site>V</site><line>5.5</line></team>
<team tnum="2"><name>Miami Dolphins</name><score>0</score><site>H</site><line>-5.5</line></team>
</game>
<game>
<team tnum="1"><name>Philadelphia Eagles</name><score>36</score><site>V</site><line>-7</line></team>
<team tnum="2"><name>Dallas Cowboys</name><score>3</score><site>H</site><line>7</line></team>
</game>
<game>
<team tnum="1"><name>San Francisco 49ers</name><score>25</score><site>V</site><line>-7</line></team>
<team tnum="2"><name>Carolina Panthers</name><score>22</score><site>H</site><line>7</line></team>
</game>
<game>
<team tnum="1"><name>Seattle Seahawks</name><score>23</score><site>V</site><line>-3.5</line></team>
<team tnum="2"><name>Buffalo Bills</name><score>20</score><site>H</site><line>3.5</line></team>
</game>
<game>
<team tnum="1"><name>Tennessee Titans</name><score>20</score><site>V</site><line>1.5</line></team>
<team tnum="2"><name>Cincinnati Bengals</name><score>7</score><site>H</site><line>-1.5</line></team>
</game>
<game>
<team tnum="1"><name>Atlanta Falcons</name><score>23</score><site>V</site><line>10</line></team>
<team tnum="2"><name>Green Bay Packers</name><score>20</score><site>H</site><line>-10</line></team>
</game>
<game>
<team tnum="1"><name>Chicago Bears</name><score>27</score><site>V</site><line>5</line></team>
<team tnum="2"><name>Tampa Bay Buccaneers</name><score>24</score><site>H</site><line>-5</line></team>
</game>
<game>
<team tnum="1"><name>Cleveland Browns</name><score>27</score><site>V</site><line>8</line></team>
<team tnum="2"><name>Baltimore Ravens</name><score>17</score><site>H</site><line>-8</line></team>
</game>
<game>
<team tnum="1"><name>San Diego Chargers</name><score>24</score><site>V</site><line>9</line></team>
<team tnum="2"><name>Oakland Raiders</name><score>34</score><site>H</site><line>-9</line></team>
</game>
<game>
<team tnum="1"><name>Jacksonville Jaguars</name><score>7</score><site>V</site><line>5.5</line></team>
<team tnum="2"><name>Pittsburgh Steelers</name><score>20</score><site>H</site><line>-5.5</line></team>
</game>
<game>
<team tnum="1"><name>Washington Redskins</name><score>17</score><site>V</site><line>8.5</line></team>
<team tnum="2"><name>Denver Broncos</name><score>10</score><site>H</site><line>-8.5</line></team>
</game>
<game>
<team tnum="1"><name>Detroit Lions</name><score>38</score><site>V</site><line>2</line></team>
<team tnum="2"><name>Arizona Cardinals</name><score>45</score><site>H</site><line>-2</line></team>
</game>
<game>
<team tnum="1"><name>St Louis Rams</name><score>24</score><site>V</site><line>-8.5</line></team>
<team tnum="2"><name>New England Patriots</name><score>17</score><site>H</site><line>8.5</line></team>
</game>
</date>
<date day="2001-11-19">
<game>
<team tnum="1"><name>New York Giants</name><score>16</score><site>V</site><line>2</line></team>
<team tnum="2"><name>Minnesota Vikings</name><score>28</score><site>H</site><line>-2</line></team>
</game>
</date>
<date day="2001-11-22">
<game>
<team tnum="1"><name>Green Bay Packers</name><score>29</score><site>V</site><line>-7</line></team>
<team tnum="2"><name>Detroit Lions</name><score>27</score><site>H</site><line>7</line></team>
</game>
<game>
<team tnum="1"><name>Denver Broncos</name><score>26</score><site>V</site><line>-7</line></team>
<team tnum="2"><name>Dallas Cowboys</name><score>24</score><site>H</site><line>7</line></team>
</game>
</date>
<date day="2001-11-25">
<game>
<team tnum="1"><name>Baltimore Ravens</name><score>24</score><site>V</site><line>-3</line></team>
<team tnum="2"><name>Jacksonville Jaguars</name><score>21</score><site>H</site><line>3</line></team>
</game>
<game>
<team tnum="1"><name>Miami Dolphins</name><score>34</score><site>V</site><line>-5</line></team>
<team tnum="2"><name>Buffalo Bills</name><score>27</score><site>H</site><line>5</line></team>
</game>
<game>
<team tnum="1"><name>Pittsburgh Steelers</name><score>34</score><site>V</site><line>2</line></team>
<team tnum="2"><name>Tennessee Titans</name><score>24</score><site>H</site><line>-2</line></team>
</game>
<game>
<team tnum="1"><name>San Francisco 49ers</name><score>40</score><site>V</site><line>2.5</line></team>
<team tnum="2"><name>Indianapolis Colts</name><score>21</score><site>H</site><line>-2.5</line></team>
</game>
<game>
<team tnum="1"><name>Seattle Seahawks</name><score>7</score><site>V</site><line>1.5</line></team>
<team tnum="2"><name>Kansas City Chiefs</name><score>19</score><site>H</site><line>-1.5</line></team>
</game>
<game>
<team tnum="1"><name>Washington Redskins</name><score>13</score><site>V</site><line>8</line></team>
<team tnum="2"><name>Philadelphia Eagles</name><score>3</score><site>H</site><line>-8</line></team>
</game>
<game>
<team tnum="1"><name>Atlanta Falcons</name><score>10</score><site>V</site><line>-3</line></team>
<team tnum="2"><name>Carolina Panthers</name><score>7</score><site>H</site><line>3</line></team>
</game>
<game>
<team tnum="1"><name>Cincinnati Bengals</name><score>0</score><site>V</site><line>6</line></team>
<team tnum="2"><name>Cleveland Browns</name><score>18</score><site>H</site><line>-6</line></team>
</game>
<game>
<team tnum="1"><name>New Orleans Saints</name><score>17</score><site>V</site><line>0</line></team>
<team tnum="2"><name>New England Patriots</name><score>34</score><site>H</site><line>0</line></team>
</game>
<game>
<team tnum="1"><name>Arizona Cardinals</name><score>20</score><site>V</site><line>7</line></team>
<team tnum="2"><name>San Diego Chargers</name><score>17</score><site>H</site><line>-7</line></team>
</game>
<game>
<team tnum="1"><name>Oakland Raiders</name><score>28</score><site>V</site><line>-2.5</line></team>
<team tnum="2"><name>New York Giants</name><score>10</score><site>H</site><line>2.5</line></team>
</game>
<game>
<team tnum="1"><name>Chicago Bears</name><score>13</score><site>V</site><line>3</line></team>
<team tnum="2"><name>Minnesota Vikings</name><score>6</score><site>H</site><line>-3</line></team>
</game>
</date>
<date day="2001-11-26">
<game>
<team tnum="1"><name>Tampa Bay Buccaneers</name><score>24</score><site>V</site><line>9.5</line></team>
<team tnum="2"><name>St Louis Rams</name><score>17</score><site>H</site><line>-9.5</line></team>
</game>
</date>
<date day="2001-11-29">
<game>
<team tnum="1"><name>Philadelphia Eagles</name><score>23</score><site>V</site><line>-3</line></team>
<team tnum="2"><name>Kansas City Chiefs</name><score>10</score><site>H</site><line>3</line></team>
</game>
</date>
<date day="2001-12-02">
<game>
<team tnum="1"><name>Denver Broncos</name><score>10</score><site>V</site><line>3</line></team>
<team tnum="2"><name>Miami Dolphins</name><score>21</score><site>H</site><line>-3</line></team>
</game>
<game>
<team tnum="1"><name>Indianapolis Colts</name><score>27</score><site>V</site><line>7</line></team>
<team tnum="2"><name>Baltimore Ravens</name><score>39</score><site>H</site><line>-7</line></team>
</game>
<game>
<team tnum="1"><name>Carolina Panthers</name><score>23</score><site>V</site><line>10</line></team>
<team tnum="2"><name>New Orleans Saints</name><score>27</score><site>H</site><line>-10</line></team>
</game>
<game>
<team tnum="1"><name>Minnesota Vikings</name><score>16</score><site>V</site><line>7</line></team>
<team tnum="2"><name>Pittsburgh Steelers</name><score>21</score><site>H</site><line>-7</line></team>
</game>
<game>
<team tnum="1"><name>New England Patriots</name><score>17</score><site>V</site><line>3</line></team>
<team tnum="2"><name>New York Jets</name><score>16</score><site>H</site><line>-3</line></team>
</game>
<game>
<team tnum="1"><name>St Louis Rams</name><score>35</score><site>V</site><line>-8</line></team>
<team tnum="2"><name>Atlanta Falcons</name><score>6</score><site>H</site><line>8</line></team>
</game>
<game>
<team tnum="1"><name>Tampa Bay Buccaneers</name><score>16</score><site>V</site><line>-5</line></team>
<team tnum="2"><name>Cincinnati Bengals</name><score>13</score><site>H</site><line>5</line></team>
</game>
<game>
<team tnum="1"><name>Tennessee Titans</name><score>31</score><site>V</site><line>1.5</line></team>
<team tnum="2"><name>Cleveland Browns</name><score>15</score><site>H</site><line>-1.5</line></team>
</game>
<game>
<team tnum="1"><name>Detroit Lions</name><score>10</score><site>V</site><line>7</line></team>
<team tnum="2"><name>Chicago Bears</name><score>13</score><site>H</site><line>-7</line></team>
</game>
<game>
<team tnum="1"><name>San Diego Chargers</name><score>10</score><site>V</site><line>3</line></team>
<team tnum="2"><name>Seattle Seahawks</name><score>13</score><site>H</site><line>-3</line></team>
</game>
<game>
<team tnum="1"><name>Arizona Cardinals</name><score>34</score><site>V</site><line>13</line></team>
<team tnum="2"><name>Oakland Raiders</name><score>31</score><site>H</site><line>-13</line></team>
</game>
<game>
<team tnum="1"><name>Dallas Cowboys</name><score>20</score><site>V</site><line>8.5</line></team>
<team tnum="2"><name>Washington Redskins</name><score>14</score><site>H</site><line>-8.5</line></team>
</game>
<game>
<team tnum="1"><name>Buffalo Bills</name><score>0</score><site>V</site><line>8.5</line></team>
<team tnum="2"><name>San Francisco 49ers</name><score>35</score><site>H</site><line>-8.5</line></team>
</game>
</date>
<date day="2001-12-03">
<game>
<team tnum="1"><name>Green Bay Packers</name><score>28</score><site>V</site><line>-3</line></team>
<team tnum="2"><name>Jacksonville Jaguars</name><score>21</score><site>H</site><line>3</line></team>
</game>
</date>
<date day="2001-12-09">
<game>
<team tnum="1"><name>San Francisco 49ers</name><score>14</score><site>V</site><line>7</line></team>
<team tnum="2"><name>St Louis Rams</name><score>27</score><site>H</site><line>-7</line></team>
</game>
<game>
<team tnum="1"><name>Tennessee Titans</name><score>24</score><site>V</site><line>-2.5</line></team>
<team tnum="2"><name>Minnesota Vikings</name><score>42</score><site>H</site><line>2.5</line></team>
</game>
<game>
<team tnum="1"><name>Carolina Panthers</name><score>24</score><site>V</site><line>3.5</line></team>
<team tnum="2"><name>Buffalo Bills</name><score>25</score><site>H</site><line>-3.5</line></team>
</game>
<game>
<team tnum="1"><name>Chicago Bears</name><score>7</score><site>V</site><line>5.5</line></team>
<team tnum="2"><name>Green Bay Packers</name><score>17</score><site>H</site><line>-5.5</line></team>
</game>
<game>
<team tnum="1"><name>Cleveland Browns</name><score>16</score><site>V</site><line>5</line></team>
<team tnum="2"><name>New England Patriots</name><score>27</score><site>H</site><line>-5</line></team>
</game>
<game>
<team tnum="1"><name>Detroit Lions</name><score>12</score><site>V</site><line>8</line></team>
<team tnum="2"><name>Tampa Bay Buccaneers</name><score>15</score><site>H</site><line>-8</line></team>
</game>
<game>
<team tnum="1"><name>Jacksonville Jaguars</name><score>14</score><site>V</site><line>1</line></team>
<team tnum="2"><name>Cincinnati Bengals</name><score>10</score><site>H</site><line>-1</line></team>
</game>
<game>
<team tnum="1"><name>New Orleans Saints</name><score>28</score><site>V</site><line>-3</line></team>
<team tnum="2"><name>Atlanta Falcons</name><score>10</score><site>H</site><line>3</line></team>
</game>
<game>
<team tnum="1"><name>New York Giants</name><score>13</score><site>V</site><line>-3.5</line></team>
<team tnum="2"><name>Dallas Cowboys</name><score>20</score><site>H</site><line>3.5</line></team>
</game>
<game>
<team tnum="1"><name>San Diego Chargers</name><score>14</score><site>V</site><line>7</line></team>
<team tnum="2"><name>Philadelphia Eagles</name><score>24</score><site>H</site><line>-7</line></team>
</game>
<game>
<team tnum="1"><name>Washington Redskins</name><score>20</score><site>V</site><line>2</line></team>
<team tnum="2"><name>Arizona Cardinals</name><score>10</score><site>H</site><line>-2</line></team>
</game>
<game>
<team tnum="1"><name>Kansas City Chiefs</name><score>26</score><site>V</site><line>9</line></team>
<team tnum="2"><name>Oakland Raiders</name><score>28</score><site>H</site><line>-9</line></team>
</game>
<game>
<team tnum="1"><name>New York Jets</name><score>7</score><site>V</site><line>3.5</line></team>
<team tnum="2"><name>Pittsburgh Steelers</name><score>18</score><site>H</site><line>-3.5</line></team>
</game>
<game>
<team tnum="1"><name>Seattle Seahawks</name><score>7</score><site>V</site><line>6</line></team>
<team tnum="2"><name>Denver Broncos</name><score>20</score><site>H</site><line>-6</line></team>
</game>
</date>
<date day="2001-12-10">
<game>
<team tnum="1"><name>Indianapolis Colts</name><score>6</score><site>V</site><line>5</line></team>
<team tnum="2"><name>Miami Dolphins</name><score>41</score><site>H</site><line>-5</line></team>
</game>
</date>
<date day="2001-12-15">
<game>
<team tnum="1"><name>Arizona Cardinals</name><score>13</score><site>V</site><line>5</line></team>
<team tnum="2"><name>New York Giants</name><score>17</score><site>H</site><line>-5</line></team>
</game>
<game>
<team tnum="1"><name>Oakland Raiders</name><score>13</score><site>V</site><line>-4</line></team>
<team tnum="2"><name>San Diego Chargers</name><score>6</score><site>H</site><line>4</line></team>
</game>
</date>
<date day="2001-12-16">
<game>
<team tnum="1"><name>Denver Broncos</name><score>23</score><site>V</site><line>-2.5</line></team>
<team tnum="2"><name>Kansas City Chiefs</name><score>26</score><site>H</site><line>2.5</line></team>
</game>
<game>
<team tnum="1"><name>Atlanta Falcons</name><score>27</score><site>V</site><line>4</line></team>
<team tnum="2"><name>Indianapolis Colts</name><score>41</score><site>H</site><line>-4</line></team>
</game>
<game>
<team tnum="1"><name>Cincinnati Bengals</name><score>14</score><site>V</site><line>8.5</line></team>
<team tnum="2"><name>New York Jets</name><score>15</score><site>H</site><line>-8.5</line></team>
</game>
<game>
<team tnum="1"><name>Jacksonville Jaguars</name><score>15</score><site>V</site><line>2</line></team>
<team tnum="2"><name>Cleveland Browns</name><score>10</score><site>H</site><line>-2</line></team>
</game>
<game>
<team tnum="1"><name>Minnesota Vikings</name><score>24</score><site>V</site><line>-3</line></team>
<team tnum="2"><name>Detroit Lions</name><score>27</score><site>H</site><line>3</line></team>
</game>
<game>
<team tnum="1"><name>New England Patriots</name><score>12</score><site>V</site><line>-4</line></team>
<team tnum="2"><name>Buffalo Bills</name><score>9</score><site>H</site><line>4</line></team>
</game>
<game>
<team tnum="1"><name>Philadelphia Eagles</name><score>20</score><site>V</site><line>-2.5</line></team>
<team tnum="2"><name>Washington Redskins</name><score>6</score><site>H</site><line>2.5</line></team>
</game>
<game>
<team tnum="1"><name>Tampa Bay Buccaneers</name><score>3</score><site>V</site><line>2.5</line></team>
<team tnum="2"><name>Chicago Bears</name><score>27</score><site>H</site><line>-2.5</line></team>
</game>
<game>
<team tnum="1"><name>Miami Dolphins</name><score>0</score><site>V</site><line>3.5</line></team>
<team tnum="2"><name>San Francisco 49ers</name><score>21</score><site>H</site><line>-3.5</line></team>
</game>
<game>
<team tnum="1"><name>Green Bay Packers</name><score>20</score><site>V</site><line>-2.5</line></team>
<team tnum="2"><name>Tennessee Titans</name><score>26</score><site>H</site><line>2.5</line></team>
</game>
<game>
<team tnum="1"><name>Dallas Cowboys</name><score>3</score><site>V</site><line>5.5</line></team>
<team tnum="2"><name>Seattle Seahawks</name><score>29</score><site>H</site><line>-5.5</line></team>
</game>
<game>
<team tnum="1"><name>Pittsburgh Steelers</name><score>26</score><site>V</site><line>3</line></team>
<team tnum="2"><name>Baltimore Ravens</name><score>21</score><site>H</site><line>-3</line></team>
</game>
</date>
<date day="2001-12-17">
<game>
<team tnum="1"><name>St Louis Rams</name><score>34</score><site>V</site><line>-6</line></team>
<team tnum="2"><name>New Orleans Saints</name><score>21</score><site>H</site><line>6</line></team>
</game>
</date>
<date day="2001-12-22">
<game>
<team tnum="1"><name>Miami Dolphins</name><score>13</score><site>V</site><line>3</line></team>
<team tnum="2"><name>New England Patriots</name><score>20</score><site>H</site><line>-3</line></team>
</game>
<game>
<team tnum="1"><name>Philadelphia Eagles</name><score>3</score><site>V</site><line>3</line></team>
<team tnum="2"><name>San Francisco 49ers</name><score>13</score><site>H</site><line>-3</line></team>
</game>
<game>
<team tnum="1"><name>Tennessee Titans</name><score>13</score><site>V</site><line>6</line></team>
<team tnum="2"><name>Oakland Raiders</name><score>10</score><site>H</site><line>-6</line></team>
</game>
</date>
<date day="2001-12-23">
<game>
<team tnum="1"><name>New Orleans Saints</name><score>21</score><site>V</site><line>2.5</line></team>
<team tnum="2"><name>Tampa Bay Buccaneers</name><score>48</score><site>H</site><line>-2.5</line></team>
</game>
<game>
<team tnum="1"><name>St Louis Rams</name><score>38</score><site>V</site><line>-12.5</line></team>
<team tnum="2"><name>Carolina Panthers</name><score>32</score><site>H</site><line>12.5</line></team>
</game>
<game>
<team tnum="1"><name>San Diego Chargers</name><score>17</score><site>V</site><line>3.5</line></team>
<team tnum="2"><name>Kansas City Chiefs</name><score>20</score><site>H</site><line>-3.5</line></team>
</game>
<game>
<team tnum="1"><name>Seattle Seahawks</name><score>24</score><site>V</site><line>3</line></team>
<team tnum="2"><name>New York Giants</name><score>27</score><site>H</site><line>-3</line></team>
</game>
<game>
<team tnum="1"><name>Buffalo Bills</name><score>30</score><site>V</site><line>4</line></team>
<team tnum="2"><name>Atlanta Falcons</name><score>33</score><site>H</site><line>-4</line></team>
</game>
<game>
<team tnum="1"><name>Chicago Bears</name><score>20</score><site>V</site><line>1</line></team>
<team tnum="2"><name>Washington Redskins</name><score>15</score><site>H</site><line>-1</line></team>
</game>
<game>
<team tnum="1"><name>Cincinnati Bengals</name><score>0</score><site>V</site><line>10.5</line></team>
<team tnum="2"><name>Baltimore Ravens</name><score>16</score><site>H</site><line>-10.5</line></team>
</game>
<game>
<team tnum="1"><name>Cleveland Browns</name><score>7</score><site>V</site><line>7.5</line></team>
<team tnum="2"><name>Green Bay Packers</name><score>30</score><site>H</site><line>-7.5</line></team>
</game>
<game>
<team tnum="1"><name>Detroit Lions</name><score>14</score><site>V</site><line>10</line></team>
<team tnum="2"><name>Pittsburgh Steelers</name><score>47</score><site>H</site><line>-10</line></team>
</game>
<game>
<team tnum="1"><name>Dallas Cowboys</name><score>10</score><site>V</site><line>3.5</line></team>
<team tnum="2"><name>Arizona Cardinals</name><score>17</score><site>H</site><line>-3.5</line></team>
</game>
<game>
<team tnum="1"><name>Jacksonville Jaguars</name><score>33</score><site>V</site><line>2.5</line></team>
<team tnum="2"><name>Minnesota Vikings</name><score>3</score><site>H</site><line>-2.5</line></team>
</game>
<game>
<team tnum="1"><name>New York Jets</name><score>29</score><site>V</site><line>1</line></team>
<team tnum="2"><name>Indianapolis Colts</name><score>28</score><site>H</site><line>-1</line></team>
</game>
</date>
<date day="2001-12-29">
<game>
<team tnum="1"><name>Baltimore Ravens</name><score>10</score><site>V</site><line>1.5</line></team>
<team tnum="2"><name>Tampa Bay Buccaneers</name><score>22</score><site>H</site><line>-1.5</line></team>
</game>
</date>
<date day="2001-12-30">
<game>
<team tnum="1"><name>Indianapolis Colts</name><score>17</score><site>V</site><line>13</line></team>
<team tnum="2"><name>St Louis Rams</name><score>42</score><site>H</site><line>-13</line></team>
</game>
<game>
<team tnum="1"><name>Minnesota Vikings</name><score>13</score><site>V</site><line>12</line></team>
<team tnum="2"><name>Green Bay Packers</name><score>24</score><site>H</site><line>-12</line></team>
</game>
<game>
<team tnum="1"><name>Arizona Cardinals</name><score>30</score><site>V</site><line>1</line></team>
<team tnum="2"><name>Carolina Panthers</name><score>7</score><site>H</site><line>-1</line></team>
</game>
<game>
<team tnum="1"><name>Buffalo Bills</name><score>14</score><site>V</site><line>7</line></team>
<team tnum="2"><name>New York Jets</name><score>9</score><site>H</site><line>-7</line></team>
</game>
<game>
<team tnum="1"><name>Chicago Bears</name><score>24</score><site>V</site><line>-5.5</line></team>
<team tnum="2"><name>Detroit Lions</name><score>0</score><site>H</site><line>5.5</line></team>
</game>
<game>
<team tnum="1"><name>Cleveland Browns</name><score>41</score><site>V</site><line>5</line></team>
<team tnum="2"><name>Tennessee Titans</name><score>38</score><site>H</site><line>-5</line></team>
</game>
<game>
<team tnum="1"><name>Kansas City Chiefs</name><score>30</score><site>V</site><line>4.5</line></team>
<team tnum="2"><name>Jacksonville Jaguars</name><score>26</score><site>H</site><line>-4.5</line></team>
</game>
<game>
<team tnum="1"><name>Atlanta Falcons</name><score>14</score><site>V</site><line>7</line></team>
<team tnum="2"><name>Miami Dolphins</name><score>21</score><site>H</site><line>-7</line></team>
</game>
<game>
<team tnum="1"><name>Pittsburgh Steelers</name><score>23</score><site>V</site><line>-8</line></team>
<team tnum="2"><name>Cincinnati Bengals</name><score>26</score><site>H</site><line>8</line></team>
</game>
<game>
<team tnum="1"><name>San Francisco 49ers</name><score>21</score><site>V</site><line>-6.5</line></team>
<team tnum="2"><name>Dallas Cowboys</name><score>27</score><site>H</site><line>6.5</line></team>
</game>
<game>
<team tnum="1"><name>New York Giants</name><score>21</score><site>V</site><line>5</line></team>
<team tnum="2"><name>Philadelphia Eagles</name><score>24</score><site>H</site><line>-5</line></team>
</game>
<game>
<team tnum="1"><name>Oakland Raiders</name><score>17</score><site>V</site><line>1</line></team>
<team tnum="2"><name>Denver Broncos</name><score>23</score><site>H</site><line>-1</line></team>
</game>
<game>
<team tnum="1"><name>Seattle Seahawks</name><score>25</score><site>V</site><line>1.5</line></team>
<team tnum="2"><name>San Diego Chargers</name><score>22</score><site>H</site><line>-1.5</line></team>
</game>
<game>
<team tnum="1"><name>Washington Redskins</name><score>40</score><site>V</site><line>5</line></team>
<team tnum="2"><name>New Orleans Saints</name><score>10</score><site>H</site><line>-5</line></team>
</game>
</date>
<date day="2002-01-06">
<game>
<team tnum="1"><name>Green Bay Packers</name><score>34</score><site>V</site><line>-3</line></team>
<team tnum="2"><name>New York Giants</name><score>25</score><site>H</site><line>3</line></team>
</game>
<game>
<team tnum="1"><name>Denver Broncos</name><score>10</score><site>V</site><line>2</line></team>
<team tnum="2"><name>Indianapolis Colts</name><score>29</score><site>H</site><line>-2</line></team>
</game>
<game>
<team tnum="1"><name>Arizona Cardinals</name><score>17</score><site>V</site><line>3.5</line></team>
<team tnum="2"><name>Washington Redskins</name><score>20</score><site>H</site><line>-3.5</line></team>
</game>
<game>
<team tnum="1"><name>Cincinnati Bengals</name><score>23</score><site>V</site><line>5.5</line></team>
<team tnum="2"><name>Tennessee Titans</name><score>21</score><site>H</site><line>-5.5</line></team>
</game>
<game>
<team tnum="1"><name>Dallas Cowboys</name><score>10</score><site>V</site><line>-3</line></team>
<team tnum="2"><name>Detroit Lions</name><score>15</score><site>H</site><line>3</line></team>
</game>
<game>
<team tnum="1"><name>New England Patriots</name><score>38</score><site>V</site><line>-6.5</line></team>
<team tnum="2"><name>Carolina Panthers</name><score>6</score><site>H</site><line>6.5</line></team>
</game>
<game>
<team tnum="1"><name>San Francisco 49ers</name><score>38</score><site>V</site><line>-2.5</line></team>
<team tnum="2"><name>New Orleans Saints</name><score>0</score><site>H</site><line>2.5</line></team>
</game>
<game>
<team tnum="1"><name>Jacksonville Jaguars</name><score>13</score><site>V</site><line>6</line></team>
<team tnum="2"><name>Chicago Bears</name><score>33</score><site>H</site><line>-6</line></team>
</game>
<game>
<team tnum="1"><name>Cleveland Browns</name><score>7</score><site>V</site><line>7</line></team>
<team tnum="2"><name>Pittsburgh Steelers</name><score>28</score><site>H</site><line>-7</line></team>
</game>
<game>
<team tnum="1"><name>Atlanta Falcons</name><score>13</score><site>V</site><line>14.5</line></team>
<team tnum="2"><name>St Louis Rams</name><score>31</score><site>H</site><line>-14.5</line></team>
</game>
<game>
<team tnum="1"><name>Buffalo Bills</name><score>7</score><site>V</site><line>6.5</line></team>
<team tnum="2"><name>Miami Dolphins</name><score>34</score><site>H</site><line>-6.5</line></team>
</game>
<game>
<team tnum="1"><name>New York Jets</name><score>24</score><site>V</site><line>4.5</line></team>
<team tnum="2"><name>Oakland Raiders</name><score>22</score><site>H</site><line>-4.5</line></team>
</game>
<game>
<team tnum="1"><name>Kansas City Chiefs</name><score>18</score><site>V</site><line>3.5</line></team>
<team tnum="2"><name>Seattle Seahawks</name><score>21</score><site>H</site><line>-3.5</line></team>
</game>
<game>
<team tnum="1"><name>Philadelphia Eagles</name><score>17</score><site>V</site><line>3</line></team>
<team tnum="2"><name>Tampa Bay Buccaneers</name><score>13</score><site>H</site><line>-3</line></team>
</game>
</date>
<date day="2002-01-07">
<game>
<team tnum="1"><name>Minnesota Vikings</name><score>3</score><site>V</site><line>10</line></team>
<team tnum="2"><name>Baltimore Ravens</name><score>19</score><site>H</site><line>-10</line></team>
</game>
</date>
</scores>
